UID,lineID
060exfFcpCeRsrxiFbHFOG2toiw2,
0DwLe3GQQfYzCeEJhfJb3MyHHZ13,
0TIJLh0a74R2kMbMF6H4v9IfsCF3,
0TZ2DCbXqGW9W9ph8UkzAuduy7C2,
0Ye1yri89tT60xhWlxdnLOK2RHE3,
0a13swWhEagMN39RCR1Ge0gDi1b2,
0bYnjgDS3dWw7VBbg4SEswWGElJ2,
0gyZLfDavcZzRUarlpaTnLawIdm2,
0ikAyD9SfUTWSD7IPOy7K0v5FhH2,
0p0ZRRyIhHZOGIJqBidnnxgDV0C2,
0pRwOG9wUZVqTPaklKySqSbalA03,
0vrAH6s2q3MNxRn4vNmOhyWCWfI3,
0vxsXJTGIoZoxQkDgpglbWLAcdF2,
0yN7KLzpWVXDNKin20cdIU2Lyyp1,
0zk2YiUAnyUyfYEdrnEZU7W4x982,
10tkEsmkC5V34PvpiL1624LIOqa2,
13VEd4SHqjf9YzHr6gMaeT9sHZE2,
13sWfAFaL1XEZH2dbuxHvRXyKW13,
1Ac4KgfkjiPQoVRRxBke39QHTo63,
1DSI4F9hvTU21PJlrdDh9ufG5g43,
1GYTvhxkX8OLYXVqbo5BilJNwmH2,
1JrwHqavAAg1fdLJcRNEQNYnc322,
1KNvUnaWBNbQiZAWwAmG5F3mlzs2,
1RHmkpbQVvTUjSbqSHqQYdHtp163,
1WoWhr5NUvT0lMP7e6ugUcLmvs52,
1XsCZyM0QQaksqcE3WK73dCKj9A2,
1frHVQDgRPR5bO1Ly6dodAacrkh2,
1ho8b8bJtnQFmzNNPoFLjCVUPzk2,
1izfrwKj8Hgud8zGLimUwudkUU43,
1lU5vLEOLPVGqe70tsxkLNYkMQ83,
1mrg0qts33h0fdQRaEx3wpC07j53,
1mtgnRwwyOf7r8mPNpdKF4GZIJg2,
1opXjqcTxCg6gyjj13NsHePxG7h2,
1rK10ijWnwM0kiKZhu2hQE2fwhS2,
1vGuo7JEtwcI34tryqNmYrf0EPR2,
1vI6ntXKSnhl7cgaJ07WBUeZMon1,
1xhy8rREVsbHhYVwWhzVnF6VdMx2,
1yp6IbVxFHQIuXp8jZpdr02B0VA2,
1z5Ki0bIyFf18rybS16oSua4q4A2,
24h6Xj8G9qbEXtAjC6ED2XqOMx73,
2AS9heYaOCfIXmfgwtc5qo2R9qF2,
2AUAxOss7pPzaYFGl99kpUhm8rk2,
2B9GTFUDuhhP1DQPjXKcjVwKRT32,
2DhGsQVepbScGtpq9a3J607vC4A3,
2F2oh3SXw7gdfNh1OMduDhsQHg23,
2FBwYL5lIdW9S4Vm7MzZOl6Z7IT2,
2GCP5nQdB2QHM0izA6L9H8n366g1,
2HIRDZzRa4RbOPDDKtoVmbk78352,
2IFGy1mzBQTiyekyJogMgfzH7Ca2,
2KLfe4UfjEfBSU8VhkfqWtElNyZ2,
2OGR7gSv3cQ7ax8rZMBh0NxG4us1,
2OOmkoNLWnMu7XPgZod6AyIuopU2,
2QDxdMzXxBTY358NfW7aigjPRqr2,
2YOjpnXzTyafwis7Q2k2UegYTaG2,
2YkC2Con1AXDwf1HofOdezqnLq23,
2ZxKN6nsFYQsyJIn6HmN3cN9wes1,
2cWvMQxT2hRofAgB917FmXjHEEZ2,
2deQEgMXJLQs4Va4Uk0PoviqEff2,
2hQINGxGCJaCAlKeBHjWo9AnzXi2,
2pxdZZh4JogvYU6MaZJGaoU7K8x1,
2tmEQmUJo0MINuyBCd6a2sQNUCJ2,
2uNPKxNJ8tSpjiQ2nsfNvWK2DD92,
2v4iGuaePyPi33aBwkzNO3yBLqM2,
2vRX7AYThfU8a9sfdYV2qsna0Nf2,
2vej9Av4pLXcEGkVgkMnKGLyk3m1,
2vkGUk0F1sgow8XtqVaTWArU6Zf1,
2wTZz6h9Xzap7S5m8zo4PDuT9j22,
35dmFpJAjlOaa2lg4vSU5OKRFPp1,
37MuceFw9LQ2BmcbA2QJsM0GrNS2,
3988B4mcutPeeb6YVlzfQHwfnfE3,
3BdGx7rYVLMjnzyozbyP1DvZcCN2,
3CMOmhmQsEYrIDBQEjr4Jk3Rbfk2,
3HWVa9L3TGaGeG1JQ1jvhWVYfwW2,
3IFV26cw57W7DeWfVcbB5X0QAY32,
3KXaqFNmQ2fQP6T8nnoenN0STI92,
3LWfzdQDyzW3hAb0FJp75RCRcku1,
3MhExFYkNtQTv8noMsJXXDTu7vC3,
3QqPLxPd6jRI4dPnypDstLsVd3i1,
3SrDvtPMsShoFHl9RPd0r3hs4U93,
3UYqgFWvL9hmTbgRfzjj2ECv9by1,
3XXWipHLyhPNFvC4zGgQdcU9sqi1,
3YrAJAbDzhcZuVEL7xqFJ0L5Zog1,
3ZEb2oDyfjdcpFhvDEKewBI9c8I2,
3ZVyrqS0a8b30DiTbLHjpaDsz1j2,
3gFcCd7s2AZsWwTIQKsOJpckGfO2,
3hPHGhboNuSQTnPbDlpU0p5JOpX2,
3hRS1cI8BwSzsvq91E76gHmOtkb2,
3heHIeEuYQhOLIF2IzqPSCYeIMd2,
3jb3pUNH4RNS2kTtIQmWZ4yimwr2,
3koDqyTtwQczwAgqkgGdDRHvF822,
3kuo234ArwcHmHq9gkMCwL1sAWU2,
3mD9rqImj6gy1gOi0JjmLnygl3I2,
3oUxBsLlCKeflgp9GHJFRtfK80E3,
3rzxrssOJGWgAbxDTzjdhTuUH833,
3s3QrhUrRgX3WHXJLBdvzTXBIZD2,
3vISPlCLDPNLNcaDfis9a8TY83A2,
3viTTRuwxsgXUFoTxv0w02edwIX2,
42srZfUeOfTMlEOm82CxBSYnVUN2,
44mGf8SJUVULJObu6uuNe1nZhd23,
4CCyU44Oz9N6dcIHqBeb2DD6fcx1,
4CVl2GgDDWREK3ZAnh36O81Rjy82,
4CnzQl109UcMTSeCiLFmxIleYPt2,
4GjkwFIx62VbQZX4uky25HMyxzL2,
4WNq8lQKHJOnmlXs8MCHAF8d45y2,
4WUy0xmjRTaoh1MmosR71LY5UfA3,
4WaJyo1THRfoNFIJLG7FLE8hCeb2,
4Wjp4uv5moYoUVCZJnOWaDCSkEE2,
4WkrkwPCFeVwalbGjMhTsAVQpCW2,
4YYpXIwRWEUIGd2gPlnWcG4KWDw2,
4d5KOeM3PFYVTktz8po49KJYsqR2,
4dabdh4eNda1fgexMWOYFY1Vz5D2,
4dv2VpCPlnSoClQQvGyM5HNJc2q1,
4iDRZ3cCEegqJYItl3ivbQjfDJF2,
4lFpJa3K1pY7wz5KFwWaP5xelD63,
4n62CXTwyWgHCJzHXTUiuEadCKe2,
4nM5mWN2AiPjra8qNRLoJC7z8wH2,
4piCQlyrY7hN5wAlTp9jOQd0V7K2,
4t0CZjSXXyc3ZfvmCv8y0eWNNRl1,
4v3fBS41zGfrULdQff4SVLo9UQd2,
4wY84KbS6SNtQHr2wsxqEXbfFSy2,
52jE07VjKkhNMyzP3HJwJnha0Qd2,
53CVUBAgrdgZ803PGuslXDIa4H23,
54VylQLpvZgZgrmSPXqpDujjeLx2,
56gZOUIPVTSUP2XdPxMgxmizEw23,
56gi4jYbZ4fs7JcfFQXZKrQwR6S2,
59A72yzpQTV9q6JKhGrFBOMZnLf2,
5CR0eOonhQd69kQLpnoXFUeazVy1,
5Dwa9MF5uSORv0l8MzKZT44fuDd2,
5FFA3iGBs1SiBnD2YCPMselcYJ43,
5FvV1etVSSdNw77nOsnsb62tTlm2,
5HXRGzWjg2MzB6D8vG9jOnqJrGz2,
5Hb26BeceOPMB9MSk2DlC8jIzpP2,
5KBpxu9r1uXsSGjNrqTZrGpRy8P2,
5NuMjgbSCXYM4i0sXHR4Jpn8jr62,
5P0KPuzU12XhUIKCdlYdMC9jfDA2,
5TfASuYrDTgHWMHB709knwt7WxJ2,
5V9B2zBpHWTzjODR1MNZD980TEL2,
5b8ZIyQtM5hZdxFie7iv6UFW2Lw1,
5dB4i5Y0spX8oVrnAIYJt2725qA2,
5fxUvRUMmBgQFxNXapAXCGLeUm42,
5g6aH3CN9wOrGHL0XfeFK3lAY742,
5iwrFa5heUPo8aCKlXGdRXUC7mt2,
5kNYfvnUGHeivAZeqZcyAS1x58s2,
5lPglTomYlQRdTMjhdD8tJbQIsj1,
5lSCHT9hXpMShpAYR3dmAZ5oPti2,
5ltA1PLQP8M6YQ8MSf0DGB3tOd72,
5mKTJwkb5zRQX8LBFq9yg9bHwtu1,
5qt6UbEX7vO8Y42G9XeZnwnNVPU2,
5rAaJl38ZPTn18VKKgHkouca3kq2,
5vb1tCb1hcMLjov0BKhgw9LSrhf1,
5vpLeqKnBpUH47wO5QfvqEbcGCj2,
5wFam8hconV0OhZDKLR3ClRVcKq1,
5wMQGynDHwYejKy3taIOwy4lXoy2,
5wsC7yqgA4SFIkLbY9w2U3E595H2,
60SEU1fclcX6EIatjHBHjhb014B2,
60kmZVNBmTMkhalUXnbUjp4MIbp1,
699goCquf0bKx8vl9DcrEInuagv1,
6CL1A1wPs2eYuKeANIfRo59HkqJ2,
6KlPD1cZqOMoMAj5bAPhHZy1D793,
6N7ykoVjSiO5OcNoLUOAcMI0Ccq1,
6NJ1wL15SST58Jg8K44678wOHWk2,
6NMUJkCdmIYPnNSuITY0oNWHh4g1,
6VXVPlk2AKTgHfCVPF1vcj5moV13,
6VfdnVU3RqZjUJEgf9lzA5BOTEK2,
6a9MGQ0BI2gpFXtPFQ4e3vBtlvo1,
6jaH4rgOYyYnrCmYBh2j2oLH2kS2,
6ksg4gNKVhXrTfVFgJkn9wKJX643,
6lokeqKgHkfJccD85k61LDSbNwA3,
6m8FjlxXprQB0j2MheexszTfEns2,
6xxaCvwDaIRLazIaGSM015ksMAd2,
6yzUwiZW9KggB4fm5OzhR8N4WHj1,
703xPU5pTug5LDN52weAgyBGKnZ2,
71YeR0KYBfNxXwD6Uu0ciIIVJLb2,
77WYETbuYHY7wyRSb8YNz0yKr852,
79KECEU5S0e6EbZJRqZY0qeDH3n2,
7DqozZ5WM3gpisJ3dfS3ot0kdKv2,
7EXxwW8s5JNDWrxPypCOj9KQOkg1,
7HiZ6TpGFvW4HAAH4VNFDPDwUVu2,
7KZgxycTlKXMqALdjhqaCFD1nCm2,
7LVh1AEMhSStEplMBJHKHgKeAgk2,
7N0sLAtSG0aOGqO68uxBaxDV4142,
7ObnCo2jXmT5GvjwO8PREIHIDny2,
7QA6NjroZlazmRWDQwY786Xlvg53,
7QRwgfwSE9WklIf4cPKGfWPiOCZ2,
7QVbJws8U6ZMr9RWFIk6MGqU3hG2,
7RTQgHzdl3Qk2v3F5EN62zV6zg72,
7SrwvXnHcWMQuCNy8I6QcZQS8mq1,
7VcQhH2EefRLtJZnZjO5QedMFTJ3,
7ZW5HM8TVBaV54GxhrLf41ZXdVH2,
7azWEcJgPte3aElO6DSH4zpTVQt1,
7bMXLZTu2tTIrKcfPBRzpZc9Glt1,
7bZF6eS8D6WF0eME7ocZ6d7T3DW2,
7cttRU2XnDfneRVRlrpJUplajy62,
7eBaoZTWz4Oi8Kwb2U5Ra6XzXmj2,
7ikysMxRU7RlSYSTsQdBh3MD7B73,
7kQzl3jGGBMfCnRIavewrKctzgn1,
7rWtoZcaGUhUmSWuYOp7LKp8WBz1,
7xjp4auCsybX2gjcmlhZNZUWhID2,
7zNsvDT8ztVgpOuuyFMzJYvJUfA2,
7zXxouRkqlVuV9gEO0c74iybnM63,
80XBAb4ep2P1v8PPG110H16DuY03,
84CyjMdm7RW815mZOQ7811s0p3K3,
89OTWQaCVAeVHzOBS35O3JDqas23,
8IAibLpZODMDNy3Pr7GEEiBVaUw1,
8NuQep7cI3XK4pIlqMQXOOd0rOx1,
8PSfpSJXELd76P1FzbeCxQACrGY2,
8Qetpn5ydNfTUcs5cuQErBAKAfx1,
8VGyE0B5bcZeSNbFb3zKXszRh0X2,
8WaSscYK6ZPSvTdH7B5nM7EutDq2,
8ccuLUuGllevmdotkiChywO6DkE3,
8g2qaG5yHkRg8Q5jUjBQXyLKaQg2,
8h4Kmprr6vPAl288njCrINE1mAY2,
8j1EmFuVg5VFKSX1xShCtQuFedy2,
8kVqRCwRDoRpCBwRxebzmUQRMXx1,
8nVBciuBduToT34afE7d5CuygOE2,
8o8SmOdMDSSiArVzTomS2cx2wow2,
8owOQKSHhdXiRMuB8a8l3LF6bji2,
8qUmRgaGxUVA0IuDHI4d6eiegSl1,
8s6cQR5iYSQatfKqUC81zdsrVmw2,
8y51OL2o90W3SgaEZWVcsT5Auyq2,
904Reb4GhoRRkHm9qf5QKDyba4F2,
90XvGaxva9MvrJI4WjVBK7uoMau2,
90riosn9Ded6YNNHSJiHRdOrLhh1,
91v8E74IhYc6SCUlUojBg58McAB3,
92RCpT5NmRQaDNKsEL9GHFXshD52,
92smcykttWUQsdiyxzLCaGxGgA83,
94WmhTvzyya6hu8XgWtse0BbTUO2,
95iw4Tj9S8h9snvhGrrObl8daLp1,
97JXVmd2cPbImrj5VB3cGoshcJL2,
99ppWqIR0JYZStFpprpo4HNthIb2,
9HYlZoWyvQPSUPHtQH6xj1aZ8do2,
9O5BxaqLF6YJgRyMXkdwNQPdsak1,
9QtIWt0DwpeoQIkPmeEECmVtoZ02,
9RO6xc7Olsgnrjj4OZid7QOgo7b2,
9VhErJBgDQeRScARQjy9ypusre42,
9aiKqYigqIcBr7qh9isoUsS4MnJ2,
9ftLYRpMiwQtnpqQ25PE3VnjBVc2,
9keamdCRolQmCsnbZzWCxZ5wbDz2,
9lRgzr29wOcTfnhOwdDSk8PURQy1,
9nmvypUA0IVRwkSqBGkZOyikQXm1,
9oL5rYrzWhWZCvMeDFpLDzpy9AG3,
9osX3XQNvFWJ9DFJsTpVNk8AHgs2,
9pgirpYwvmaJWmR0yzfSVO2wE073,
9q2JNvPhDtM4XnikIkKPaKriqss2,
9tcyjY5bfqRJII22YO77ALxIomi2,
9vhQQIc5hKOiWo0KSaJba7u0lyD2,
9xJdMltVEBVjgwRqApHe8a6QoKW2,
9y7yhFxLMnbwSZODUIADHxOEi4q2,
9yF9uW68wyZiIZBCWLidJxVLeFo2,
A1Iks8wmE6b9HwxGoEJlYLeUwqC3,
A1L0Z5WEPUcZ1pmqJO9v4M6KVai1,
A2GoBQ7jIffWSYpW4JJ4wD3U38S2,
A2PYtLQkxRTvqQiBVmEylbOE5I92,
A7vvSHwxsNMamvqLVCT5MoAytwq1,
A9UgEVsBjLOPkfzxGYB1bBo0YSS2,
AA8hnKE1EGh3ablnBmN3Flvi14q1,
ABbZ2vqdfSSe6hn2mFLoDaGZIfQ2,
AH4ql0g4yjQ0ZpuQkeyGtKrUgoB3,
AHjZQMWcD1hXLVadwpq8UhS3Bgt1,
AIym50YpJ3XPZh0WjzqC6wRuKs22,
AKZfVVZYv0bpzMy8ZQx1JLbE55H3,
ALFPu2eUzjUjJwNqQ7msnjT8Djx2,
AMqWSpYGrUU56UcWjtHDrzjcdHh2,
AMxNM1YjqJVZEhCUdZ5yihUbdgA3,
AN9eUfskNqNJavkEAg9YuvdCahp2,
AObnZD4CjvYhQsOozRKq2WCzWFL2,
ATFcqP9sDRa0V31Roqcvxpf3L9h1,
AXJ77mr26ldftF4qF45wGdKdtcD2,
AXQkIb6OBfUQy6MDOC79KRqqTQy2,
AaLUFUbp1Ke4z3srLPEkVpNRZ5R2,
AaqF4fqINwQGEuW6GjaP2VO9vTq1,
AeWx2IGbmJgBe837GP4wEXXqzWI2,
Ag2PajpTA2aVXfW40nlzAyJkCpE2,
AhII5JGJ0WcRff5jglz1YIExLwg1,
AmTxd4DFCrWvd39nqcbPWWMjLaY2,
AsSiI9FYMucBQ2ZWI6n5fbphEXX2,
AutaFvDienNq9zHrDsJ129CKJIm1,
AwQPlJx9dden6RlTsPzkknWtPjf2,
B3WRDa1ADvUgQJBvR14GeSI2JYQ2,
B8HJB2MP7HaojEmdEmBPDakvUep2,
B8RGVYxj7sYCDlij20Xyv7VuJt83,
BAgoLH9VUHbc9PndnX2eRqKvjv03,
BCES8mbgkCeS4BSbKQd3v8KCycC2,
BDinhYetb0U2MwQvEyMU2WorClM2,
BEJ97uNc9bTRw0bHIrmuHg1mBeN2,
BGVtaj16CcbyBGsgV1oyZ9yjGqa2,
BHMvAbHEzwhu6VpZPwjC7hH9LZu2,
BKMwCn9RAkSS6PN2K9JCh8Ymm7r2,
BL8xL0QfOnWqv0OjViu9TTJf2j12,
BLpE8VNQ0GQdeluDO2JRSzSRkFP2,
BPpVTObe3XV5ah0p0WTC59YIHsh2,
BQEPA2H556SP95Fl2Oe08DMloIK2,
BTqK9G2Tx4SLsXOfbXXYiKBtanC3,
BhIF9kGFx4P9BKGG3Kw5ExWEupe2,
BjJQjDgwtSXxoOWzK3IQ5tzlrEI3,
BjJaLdwySRdtR5LLlG3zapIyRbJ2,
Blzb11LmtGfTbWj9vaxgdClrcaz2,
Bn8S7d1Vocbb28tWb7oIr5wp66n1,
BpgLqytemaY6FPdk3sepMybGTI13,
BqSSY0ldYCW5e1h4e6xp3T3Qh3s1,
BrCdcvEFbrexsOlBK2XwEvf3bJV2,
BsOG1fYwokRXyifIa2tCM7XkGz53,
BsqaNf4HcfPYW0FZNXxYWCO2Oz83,
BtSivjl1FzSSb959WdI2PSnGqRs2,
ByQuF0NmGGMuRqN3NoPTVDEcIVy2,
ByYMcs0cIOev5cgBmaJfwNzOgeu1,
C1gNIorOHEWtloIxZjolddcUZQl1,
C1lOocbCkSVxoUYpvaiIz5wEto22,
C3jfq9o8ejPgfmTiMWj1PppoV822,
C4G3HzVH6TR3fhuqQe08d8n7vXP2,
C5ilP6QAORQVhjl6nvjcnxS4c8H2,
C8XDCAXfR3X95bHYJNlfLeugeyc2,
C9YsLmhS2FNna0fkwHX6XAqJ8fB3,
CDWQWcGDcWh7PnDHoY4yswfffEs1,
CDXHhVHKXaUnPamJsqjWPWV20Iz2,
CDiJVSrZlKfogg5A2ZJAe0ZG9ct2,
CFhQMWsXIrbrMRt7R0liJHaTva52,
CG4XM0ZZv0ZVY7TJF9zGUg9gq4u2,
CHab0lOsrDgrPF1P8GBW3ArlaM02,
CHiJ2C49ixNv62S2RwUP1HAG31F2,
CJFNb2XXwTQTG1lhQC5go3BM9fw2,
CJfqqp49mkQJRtecJI9p83LDDcf1,
CMT9bRKrePgzeOOXVaDRGxeMP8m1,
CMqRHSsCsURdH26Yzh8zEp86sCU2,
CNqnG9r9VgZBUpRTbKLkHvj6AXI3,
COo0ivU99WZyVLUmytBd7aGdntv2,
CQdcpy7jvtW8nTdeihh3nJ9Fytj2,
CTsJNF6CQnNWuDvyLlJhzYA14D02,
CV65gbXivphqsdYVJraq3aJMnGm1,
CWR4LNVs1IeewzlcIWtlTYx7yVr1,
CYBeqJxu73SF79D8x3ClStjDCuD3,
CZy6JB0HQeOLkzGyn08IA9Ww6hm1,
CbY4DJByF2XaagjsIzuxZxJWQjj1,
CfXx2vPjW7eaxrfRQPGCqVAYabE2,
CgLfiJ3pLkZ3qD81Z3xA3lRZGw52,
Ci8OLR6rhRMHq707EUNjifMyCSl1,
CqG4s9t6WBPq8M97oGksTBWIuAG3,
CrXTxzV0NLg62JskRVuPadPxLl33,
CsQRN03V8GWcVx4z8FipLI5IktB2,
Csc664oC49ftQEAK4VtZeOTwahf1,
CscGRS6H3xV1ZUNR6wH0RWn26U32,
CtWmEkWwy9RA6D5dhOanfxySRmP2,
Cv7jRVjPENTfAlJUv3gKI1ZCkaK2,
CweNnxoNxoPeeTLaimB9oKqRkMX2,
CxaJtlxXu5WTKdqueI74yx7OC6i2,
CyeL0WtQHtT4mlLu1YA03Vg6mEu1,
Czm3VhpT72RltGMKveYHcMnNsmD3,
D1GzGt65GjYxkqQ21MJyrJSHdEp1,
D1UK89yE4JcGg41kfZGM2YZvIq42,
D48ku50qc6akwCbvnUDVefpbIph1,
D4NGLSoYnfM7VV9aFAnKpr2NRNR2,
D4cJIdpW9IaQwApztrTT0meSbGG3,
D81wJVKbcjVmrisCKNr3ctvvayY2,
DBJrbd5GaiP85nV8TnJeBNQhqlV2,
DBXyvDFJbYV8KnS3ctuCGoO3QMA2,
DFnX6Sywd6VxaRWKh9DroIaP4Od2,
DGmRlsfRO2aomPZj4foYYe6P3qQ2,
DNaqrs0Y31YHsCQXubysdC2RwoJ3,
DX0IL0EnMbMFC6XJJnQ3JkEwjcB3,
DXCqinDJqwen5R8QYamdqNfPGq63,
Db6LnjAJJIVEBFVEdDSIpEqtOF12,
DdURN6VMScNpoP04GolwHmOkow23,
DfBtPL2ZLNWMXsk8RIzzYBjAkth1,
DgdEL8nN8RSraxTigC2iS25IjUl1,
DhSSLBAHfOS67ODuTRzpe5YQVB13,
DloVeu1nS3aLT75A5p8uCWPqDv53,
DmCjIb7nq8V4wYy9RrNTMXn0Hoi1,
DmbYw6H2VQRmI1pOEmVhpBKT7Bg2,
Dp1nOkSRtBWYldCfjpyonNQ8e2g2,
DphoFqAtyagu0cckiuj9vDNqZKf1,
DqvhOE3KBrYSNyjOwRZrfiNENwx2,
DsnKDBo57EU9ras2KHgXvnpPTf62,
DuSTV63jA5V9gW0wXWyYfWqEGob2,
DuZSYD8CLWOAvupu2stBYX7camg1,
DxMEy1wv9thyiFTbCDRMeszT34b2,
Dxu2Qoxs5uVaH3bBLqQ56XL8PDm2,
DyBt4sVJR2gopj0ETRffdubizNv2,
E9GE6ZhsZicCM7FgBvVPyOIbIrq2,
EBeDCS3dbiaeE4MaHTuKIgZS7yk1,
ECBkENtjmqeRRNZCG0ApYDbmJ6e2,
EDtWuZgJ7RfX1qJnGnf62FfIeMs2,
EHLo3BboDwbMRIUEOPxC5mCZS0r1,
EHvSCHh7zaXe2rpDxxEt4beZSci1,
EJhlHPWxCVc7rvbrYseK2kJH5oo1,
EMRNacyU9eY2oSBVaU0YmqgKbvJ3,
ENdJmgTwdGXkXUjANeKfQQ3aPP43,
ENiGeFfmBJTPFnumrPRXUW8fB2E3,
EQd5xU3vlHcb49yHNb241GVMgYC3,
EV0ErJ39VvZ5Lm5ZioboA7dtps33,
EVWd6P75pmgwRzgYqptI5eqlMLg2,
EXMypQ46qvTGMsmjWcAlFFf8e1Z2,
EXrHniScMCcMUhKQv4TxgfO9tX42,
EZ4WcpgrdqPeXHZJhc1l1moYmjn2,
EZOkcKdXe1Q5JlQRsoWwIGhER9d2,
EZiuZpcMdchjttYFCZCNIx3Gb1B3,
EbFQ0IKM6dgtwo7LkVpCmcAYWKZ2,
Efc3ES1Hb8UFuWb6r4HifUyqpoi1,
EgAa2FRQmsggikgzvm9vwhgyT742,
ElQMqEluFxRYzKOm6XTWrRseUPl2,
ElvMwRSygGZme0utE2S1Y6ABAfD3,
Eu2ifrgK83ZYdUeeZh7H8ZrZ5K02,
EuYNihMMHAXI4e2Fx3i4Ewr42PH2,
EvMe3cxxgNdGwOcy9Z4YNI0RNt02,
ExDDuXPGOteyIcSA1wgTTknp7CG2,
ExyhU3NMmBZFKJsSl8ae9VhyTfu2,
EzzuKlrusbbHJRj8W9S3RWzqb573,
F4Z86uoognVki4D4YNOcdrnD7LJ2,
F5jI7npJN9YNBe9w5jJTIupJzPD2,
F6r46hIYAQbYDyzzVRhdeHuBI8D2,
FBvpOWH63gZdcK97zOOtRigFqbU2,
FF5PnaVPOyd8nhjmSbePcVnl6uQ2,
FNT2DGfu99QU9xcoktfPMZfFnd93,
FPJJ6z6s81dntvftITREHZOj2gG2,
FPiS4BK1aofi5fpp7o501nwkbe82,
FRv1kELIcsfmTMFf83tvvYxSioF2,
FSBXPSOoNkRt3nNW94vHNEcwttJ2,
FSLcMfg2v0PYruKswUGp6DlN1cg2,
FWsOYYRN7ahSQrX3PR8epLbR6Y42,
Ff2Vl9WdEqhVRBQ0oAbBsNjD1cf2,
FfmxxyKbZSWFB6iSDKRZ9dh9Pen2,
Fgp2wy7SJzeKgkUnVAqpunzOi0j2,
FlB9s90sxGVbrqp650atizK8Znv2,
FoBwvlzhIvMS0ESz5mK0VM26Qpu1,
FrT0daQY29dBZ66vS4RMdqOdVCD2,
FvnjWWOQ6DQAYo5LYfZPYIRr4632,
FvqPAdATJjU3G69zd7um0rHcDmQ2,
G0XpIus02cViJioMJGAOkQ7BXJI3,
G594TmswW7ck7uTNmmG96e5qidH3,
G91bxkkdOddj0EqsNUfn3oCaVKp2,
GA1cUKYfs7U8eyknb2rXlFXvjkK2,
GBBeJ4WIABaroEMBkxaNC15bG9g1,
GFNg20GZwhWj0HH9dwUmEafzMN93,
GGQz3b71FdaStPnZF1TkwMVcswv1,
GKXBmuZLHRcXGf9QTTbQcS4dTFk2,
GKkxetTEwhMxxUichaFmqPIobcx2,
GNGOxCWSVfMJndXgDY1WDEdGhiT2,
GNi65m8yOfb0TndhfO2YS470X3C2,
GQDjaeDM9rP4s2WOgikA6zQ41L42,
GV5VVBTN1vf2XT7USMe5Zudakry2,
GaPfAmVISmZygqFTimV8T1LjNYh2,
GcnA12yBtZfZPDZlQFsm4rZVQA63,
GfsaMGmG2QdN97O7eWZ9XA3mS4H2,
GiqvcDvmZgNSXs5xH7ZskTXX8dh2,
Gj9EWtRPXnZb42eVCty8YllXAOz1,
GnhGC4pompPXyPVLaUNlfYvqxIJ3,
GrIJC0TWhHchBsHglWJQjEEW1Gf2,
GsFdyebXmPc3guAHl0jxf3HOjNw2,
GsQ0aqwkjLP5S5XE0yVl1jrJRJB3,
GsWGsCe9n8N6HUOJw662FU6y71q2,
Gupj6yM4vWevmpvVFQ6ngQjXbjA2,
H7y2IGt3hvQAd7bim5uacGxOnjb2,
HAtxGY2LrhbcK26NxMKWDQHYOU82,
HCR6I9xAJNhZs5bHJrHuuE6ghdT2,
HDMzR2i4NCPTtLpzdFtP6YZpaH32,
HFpRtXN3cufnL4Oysd3BXF4HyXx2,
HGE8O6JB59WVjbBE36HFeN2jwvF2,
HGJ736gsD6QqQHScI3yiBr5NlF22,
HGiuI42WCGeKSRP31h4gp0qwt0G3,
HHKzD2fMYaPIQSHeCWoS9Fyieqn1,
HII8JomboEZmrZYvW9BCp5CUUFe2,
HIcdL9N6Wse1ienBWDLUmGQgZ7S2,
HM8S3KpnrUQ2Go2ULRc4LKX6A6g1,
HMHivqV3wUXSAGvPbV3PzfDCCOC3,
HQC1F5vx5tSW3glkqfknOVrApx42,
HRLDIiPumNRSvj7EQJ3WaP0HeTO2,
HSlBx8p68fWxrrnc0pW75HOyLwQ2,
HYebdY0GW2XN9Joi0D8DUB6GkFx1,
HZv7IceEkERy2La1iqV6rSHjQ2R2,
HaC1ZvCpWwSswESqWGFFPdxSZ0v1,
HaJ5HC2GETfgpNFpOyntOmxAIii2,
HgHPym4fIvTaahyvaD2CJ5XTfyN2,
Ho8hbojIJKTde7Ugkw2W7YoKJ4r2,
Hw17TUNlBCR5liseNxHzTGbMGYI3,
HxRpBSPHiKZg2NllLYLf7mcNCyg1,
HyKzlYhdu2hVsF0ogiZeVzNTi2t2,
HzhDuJeCZcMEP4DPJlk1QP1KN982,
I1BU5BBThPMz6SOAeBCk8Ln5LrJ2,
I1fJJsKQZmUMm993LXmRKmDbC9H3,
I2PoPQLpXZQ9892jAsh23foLuxJ2,
I2kZAwHLfmbQPt3kF6rt5g6eW1j2,
I38LF6FSiDgUlZH9P9IreLv65ga2,
I3Emw25mINailtMlXRTiBT2Npk82,
IBOqOpd21MZf76Dz6NaeaXO6I842,
ICigllwSr5gmcBA6XsVdFmcJXpt2,
IG0qR48VCBWjx9VbR8S7iSnhTq23,
IGAQpYXLIZgMvEoEs1kGiOJD0Xq2,
IGQBFbPpA5X9LxCKD2zuFkGLT6q1,
IHXWCEQzofhbB43az6hqawvbtx32,
IHzWEj2H4QP6KDwvJaGDcNyxB0F2,
IJYNUiPr4ZRsvAPjtDjaOBI5l3v2,
IKWX8FirdVVD6bh6V4tf9CjOKwL2,
INT2niwUnsT8jF8TBnoWtqUWsUZ2,
INai4p7nuPOnghBnm0WY8S1s2Xr1,
IOy3HMbEMmVQxm3Ph4P29jaSCc13,
IROW9vuGmYSE4eERawChce58jSP2,
ISvktrih8uTFtfbTazPlTAB3r8K2,
ITaRUrywZRXJJfovQsqrqtGxc5i2,
IY6vvILgeOOUt4emh5l87s9dVZf1,
IdUN02bj7uOm3ZjzUayKmTKdFw33,
IfCiuxFi2oQmYWSthxVb58HaviW2,
Il8cEDAm4hdcNF9ooMhsVIdER3g2,
ImFl726jIHXXX6LeaKR3kaqlJJ53,
Imt9nHNchAcI6R7CIiUh8WeK2vz2,
Ipamuj6GODR3LU3v3WwKCywk2AB2,
IpypbI9RN3hSHPmNBUDjjHZmP522,
IsmkbjRsPwNKEwqCY5qLjL6ngDP2,
ItsArBR2Y2Vmn60fpYWKGhOEAQB2,
Iu9l7s5gUAP3CPkbtju0fx6ExMm2,
IuHaM8ONtnT14Lu0I4LD49RCBWF3,
J3roan8eTPaRa5r0LlPUqYJwZxm2,
J4GTeKX1xoZEli8mGMrItWbzcMF2,
J4KSwRESC2NAnZvESiMG3jKE9ek2,
J4yvTfRbvigCdFsESwBYGe8sSri2,
J5h2h3xa4JgfTh1VjyH3neNuBXG3,
J636uI1d3jczEPN0bGUbCn7F4sF2,
J6ZFr4pVQcRiWOphgrFsJGLz9gr2,
JAoUKTd4vda0zziXDgNyCpQYCw93,
JDffZhEdtePU9qocsXVJsyDOo8n1,
JE6j2qpUX6SM6bXKtqnCGewiYL82,
JJFiepP6bUV5XcPx8rEgN2kGfJS2,
JKYJxuWmd3MAoRjaXTGPrcC8hDJ3,
JLUaNU4UaibmROiV8pD76HnGgKZ2,
JMwxeaSrynenbqJpwj4JnUEFWXE2,
JP2tYPpyzcMqdfTe0Ppiwctg5rP2,
JQnCDrUwASXqvFzhPVJIqNvC0x03,
JTR2nLG3WJgKBvIYhQEQnvQx8v62,
JV9CoB7hs2h2PW58pjXksKG0ORw1,
Jb9CyMLUPqcmibE6kfrXJHegZMu2,
JfKra8RtqLMQ4Ksrg3sWWeSQRS83,
JkIRWMVp10Twb2HtMQCxECxnwvc2,
Jo1OOvqLK1M43CeRvCUdAGCNAhx2,
JsMmhvM9aFRh2esX2ygzE1pkTkm1,
Jtipql0YK4ZDjEuMgIlPglpYNbn1,
JuHlcoIJVzgEuZwseSVlF5FLImK2,
JvRek55H9zMNoGpnmTOEVxNYCww2,
JwpMCBEikhXZFtgcYB7VSOMGUDe2,
JxrcoIWhfcbzOLj7x0PQHqjpfN83,
JzXIZt7camV7pmhMFymui651nNo1,
JztE3OOYEbQzKdE6fwfyQZUOV9u1,
K0c26k183XMRzsG6NmDxonohST32,
K0us77RA6VN9qMD33mD1qR1GT7M2,
K2VvAe3KseX88OzKV4hcBbsOWci2,
K3uOT5sqxbhMRBpEvfCwupyeEp93,
K4AxwhSfKVVheLvWPjju6y2sdgb2,
K4raGVeN1MdJzAqueDe1Hoh7hxs1,
KAhGrtRoPOQUAFQJpuPVLT06XY93,
KFKRo7BQLGUyyT2WL55oSiysPSu1,
KHEJDs6n0YSFiC8sOMIY5sDdd5z1,
KIHsrhB9CYPKPWrDjBvem0g2G3j2,
KTuHijuD5QaWEbLL9M6GC6gxwXo2,
KXVKePjFxbPKbNzSVxR6ElD9KiS2,
KdSHZO39XaTn3tSpQ4JgbIAp9sp1,
KeCdm5P7xrfMXxIgv5lodowIFTQ2,
Kf0ucGQd1RblRdkmfelQeSruvGH3,
Kh8FkV8WfiVJYK58P3PDKTjkdw62,
KkNcHrTQhSeAcYX773Pr2JDb1uw1,
Kn7dWSxAQshjyhp41x3iV2iD47D2,
KnmXCcsGkLW4aG7QSstbWJQJjr93,
KonVZoX1TfQH2AfuuH8s50eVB3a2,
Kr70pFMJzMaX4CEvlUYOTxDzhSg2,
KrMJ9WEQKlaQM8XvgZWbgi5ck732,
KvMSKqeshze1TYcW0Yng6aHAB592,
KxyYRzeHmVMjPZ1Ju1uAGT6rBd92,
Kzdag460SVUrSeCYRep0Kkf2pWq1,
L08n3sjoM4Nr4YnjasSEOjAL73G2,
L6EzQwMF1wf1DyraaHgUJq7Z1fD2,
LBWEJloaW6Ti7Ne5TPMvyIhs2Xv1,
LEkdqRLAtYNQOVI0YJuxVgYMkMy2,
LGbnC2p7cIaiadVo4eGrFkYbE2J3,
LGpqcRpbGnPnEmTPeHZMO4DvwVi2,
LH65ZajxlkUEVLZAM8XaeLisLiM2,
LIlx1bnNz5aCna0oWnwhVJLUdRv2,
LKchd2mpvmS1X9HFaczMAKWjS8X2,
LLbHeCF1noSneeODbu38ePIIfru2,
LTn2p4CC2TOfZtNc0xIoUkGZtxz1,
LWVkbBnh7DfVlZJ1K05DMTIysAt1,
LWsz6mXOa2Mq32j289AF11FNn8l2,
LXlhNASvPFcYXERTTwJhlD6pCsM2,
LZ1OsEw4bWUeJlAu42D6kCQ1mzf2,
LZzwHJoUPJUvVqvvNQLR1sE9MRP2,
Lbs3mirywkgPm04vk2UmZBRCSP53,
LeXELTytnHOUKDnaDpWxBHUhRAf1,
LhuhlNKFCwgD1RpR8O321Rga21h2,
Lk4Ey0ZtH5S9TZy7XEibgVueVUt2,
LlFtoZxineT4ZaYwJDkSqJYHrRp1,
LmLyOWfCdKX4Z2TQwInbuCzOFOE3,
Ln6R2CXpSpP5B2TGU2WMiNLt4253,
LrXHOTLlTReSFQr1y5F7zSohqtg1,
LsIWSl5ZOLbGNFb9bShPULVBnlf1,
LsiyqJqlyDOPFtxchXLNSEON6e43,
LvMb6pYs7GVpJuvbhRTGoVBp6Ok1,
LwPLgkCDe4UQV6okaQ36j6Jqkcf2,
Lwl6aS7pDOStAmSopFdGuO5IcKW2,
M0hYzAjfbif4RRHlfVUAQsbGVnE3,
M13Kz0ihHdctR9ZEq166nAoWPVq2,
M2EgJS0Z3yefPclDQSX81Wcb9u22,
M3UNiVeoClgSVC1mQagQR7WqEJl2,
M6N2RYhCuGaxHEHrNmUt84OA40D2,
MF56YzxvD2SXbd8CNyCrjj6oQMD2,
MFHfffXptEcs8R7YD0dcdOcxL4M2,
MFTXoDBbUqcHmxcYcuqRZxV882i1,
MFtJwNK2XQOdqEztLVZodcV46N83,
MG9aFDqD8odCOvz3d9GQ73yjS853,
MLznYdkb7Ofzp0aGuhzqdSJKRUG3,
MMq3Eu7uKPPxX7eAjUt6LI84t6J3,
MOg6MkHWszgBsqOfcmqaH64wQiw1,
MSkln3Kxp3cpDWSJmPmTXsj5pNs2,
MXsrEjtFp6UhMplvhdXgVcRX1652,
McwNWEAHikW3qqdNpaHySTrdBRH2,
Me3irdcxBVYORua8HkKQpo34Wiw1,
MeBZi4l5lJPLh5kt0BE8MrxAOqM2,
Mg06A74xRJaWUaMYCAFN58j3MFw1,
MiB2vnqZ1Kcr0uSZH4W3u4aErYk2,
MkY10cAVenSdrLh3VPLdbHihNMn2,
Ml7gux1mGmUhlGBIV7gUBKxVWE53,
MmSuxaHUBzNfTuDZVGYJwwHeOPS2,
MoWAVpVJc7ed097qMQvduhPcCCW2,
MwjNRqUz7jgUoy2sBz3hdp6WzXi1,
MxX7ComMNEO0LbM7K73SnztvT213,
Mz4SVpbJqwTMmdiqUSVMt4rngtQ2,
N0j7rBPRhFPktjGgJNyst9mLBXi2,
N1Kg5HshJsVQwzqsPvzFx1Zmidv1,
N4rZRMcr0fSqt5DBKxZII4ladHJ2,
N5sbMzxuKEXU8Iz2gocUGv7kwde2,
N81XSIZRamWlq1DcGTjb0UhDVoy1,
NDuQ0CzGmEe9yTDSaOPf8ejIznI2,
NEaZVterRjQZwlS1OeTH8FyD1Vn1,
NGS0QTdvKYdBNDhY2A0zckgxgqQ2,
NM6K61r0g5XZ3nbi6divgRrZW543,
NN8Cmw9cTIdoPYBBEO5iX48Zbwe2,
NOfc9nAzorVvqWoufLeRNgHY4Us1,
NPYaMenl22WCD3EcDecLuH07qTd2,
NRcT38G2apXFuHTtKFkdqiCa6uR2,
NS29blB19BRlKAZZrHGJFGAEZSn1,
NTLg6RkaK4giU2zlY86oFH5KHUQ2,
NUC3x9gcSFU5AejsZOIfA6nrkp72,
NUQRXS8StVSf7G1oRwIp1hP45v52,
NVdYyyn712SaXs4qnIWRY6SNwU52,
NVf0eTMAGoVz7qzwNjZJhja1pG62,
NWeBP08x6RNMipGCEgcLBEdnEGq1,
NWmI6dJnqWhJx7CTb1pHkXJiQqA2,
NYUcwKtN9mQCw1ir7Vx57mWBuaa2,
Nc5LqUpscQhOGZ12NSNDyIZ4TIM2,
NcK0SOf2L1bwtnCKyp96eZ63ElE2,
NepBod55J1PZkLeNZcYlw0qjdO12,
Nfd5LY7QORc0mcbURd7GkgIYeiF3,
NgtUxERbJZfjLZPd0PkB97o35FQ2,
NkXHtskl4ldkR82z8fOuP5lGV9t1,
Nkj9QMVPAZOTA79hSiDmiDBKVhS2,
NmvLcdfTM0dH4yDdaqRDowCn9C32,
Nn1SBpNCKReMVSDRv67cI9eQZvd2,
NocnnGHrkTfRPPayXoB6mAOS8cZ2,
Non1qOqUWdOYtrvErHqqOwXZkqk2,
Ns6nk5XtT4NfnTDGAgl77pZQrxO2,
NtXHTzOYyoQ7YF3whpd6MxKXBxr1,
NzH2kYx129WUtqMoAaBCh290n4M2,
O2REP6rWCnVQxGzGztRc60pSDl12,
O5ZnmtXCpZOmTMLUHfWGqMiHxfB2,
O76pqf5sjOWC2efVVAQJ2kYzhYj1,
O9aYAn1xMTaXH8yvrmWv0y5VnNl1,
O9o5z32IWWZqrhRKdZHkNJubvGH3,
OBC8R4ZVvKQrP3bqILgOs3drUt62,
OC10Uw9clcf1WG5rDjKPsEyN3Th2,
ODjN1ICQ4rR3Sed8mhItVxHJXNu2,
OHQs0uXTEhQQ5oPo6GZDYkLPqbz2,
OInZe1iSPKTAOTMfddKJ69dUtOG2,
OKNKiaySEwghzLqS73FGViLRK0m1,
OLAusW9rVQWk8avJtnraDDWP4cM2,
ONVI0o07ffhKWSg1zc107CriLcy1,
OOqD5FD8dbRXxbbgUomTI7UxRHt1,
OYdAE1NgjbNMqjkxTIbB97KBlx53,
OcscEwZdXUPUAr0hM5Th2h60NHf2,
Ok2Z4AtzlORolKazmkGeqKX1Hol2,
OrdhRlLtl6U2z7F8EafazuJqy2n1,
Org6PljckWWQQVzjTyMHNckgzzO2,
Ovc1jfua01dskrATkoxkoMFYDSN2,
OvwX5V2YWwgWT7wXc3MA16ewW0V2,
OwKdmElaM6b4nkHA9h7Bvh92ehT2,
OwzfO9CqUBauIpaaDBn785skFGn1,
P2g4maVOEtZwftURcsaKywGw7753,
P82DsdWQ3eOE8wSxHmmQDE9DTuq2,
PCqek0I72lPoGIb6MUMwZ4842kO2,
PEsowuCJL3T6Hs7dnhyuYp4a1WG3,
PNx3SlYwXnQoiWNZzzW0LCib2ja2,
POt8R9ldm5Tqk9yZqGoq30OeAFM2,
PR5tZOj3XnVVKl69b74bARodLHX2,
PSY5jghNlmYeDfXkCiLRQYB76ZC3,
PT7wTMXpMCfGRw4mTsQ1DbqKCK42,
PTdgFuhe3jOlPCc2QYU9SM1eI7n1,
PZiLlMcs78XpA2T1jePhbvAt4al1,
PaetFjmiKkf5oravLpr49idy6ex1,
PbeD7okxeBfapW21Ipn6J11sveV2,
Pg4Skdjht5Mk5hLuyVXISjNu3l12,
PiI8jFqAmgXVdoJVTEM7Vj4mmaE3,
PkkkjiNzGfRcc51TTeyYGw1N49x1,
Pkxj523YVnN5vHBwWsapFowxxqB2,
PlakULgftdhyupZoZnOtfXbO5D23,
PtRogF7LJfS1hdtCdMd5Kp7Czll2,
PuRWvhQvQSdfcJvoGGKVZ38YZ6v1,
PvbKMFjn9XSIzhTkp850GEbmFh72,
PwapcpgzSzYzTiCh1z7NQXbIzXk2,
PzRRhQX4btf1aJEQNc4L5hjioyQ2,
Q4KuYnRwcORJPokT9JBVdk3mvij2,
Q5I3QJHWP6a3XmCFYKnCg7ci88B3,
Q9FliEfHOJOBULtRGNkGaOLB16W2,
Q9qyR2Jm6SUZW47olA05XBnWHMo2,
QCygH4G7DOYWYxRqsOWu1ZIcsh73,
QEcg7sLLPEhpYgpVUG4xdq51sIC3,
QG5i44YNEmcvr8GjsKJp9ejByBK2,
QGpIKidk4qaknlh2tp9eHidUETC3,
QM1BZB4k08REUTJZMeY4ufMWG573,
QMDD1qUqqVc2qYHFo5zX7nBoji33,
QNqFozAtRBSyOYiES7MqNwP5pbC2,
QOsxHK3ERcUuhN5e8s0jVI4KzDo1,
QPuYNTtWKoPBda00xg7gSML7Urx1,
QSNe95BhSSN1bOA6U59lAL5vBBu1,
QTgsZQDMKDXchanX4aUOfQPtYhJ2,
QVNx1nPaf2OvIVwv1pFDfLVQJM33,
Qcw2vSWq1AXi3gsKEwmbcUwy7pm1,
QmR5WkDlh9VRa39OXfz0PQ9vkAw1,
Qmf1lGMXSNNW0KPg7SSZBXrPyzO2,
QooT1gV2lkfOg30rbWNvhazltws1,
QqYoMaTqVPZrRkoYjBmfNpxq6o62,
QrLjShlhlQVAhDccIwhsZzhqxGF3,
Qs5WJqP6EHRiIKDarGecpvOsIMh2,
QuIK7YoGO1PIP9w4UUW7Ra0PUMi1,
QvNsp5nCs2SwyK8fK6mDf31lzFy1,
QvnfWevhy7he21o5MPrtcpbHjo53,
R1j0PVZg5HSUVKsEVv82ACXSTBZ2,
R3eGMVmP1thX2Tw1uzlpTHT2zgd2,
R4hK6HgfLgUUsNlmN8zgwekQ4NJ2,
R6Aic9OT2yNii25RbMgZ4KdpiUg1,
R7qhCjMTV0e2tDdQhNwJErAC4G13,
RFap5XXTEAbBLNcbENGWPcamfQ43,
RKXf5z4fMEaw1wg56iupbdrxeeB3,
RKkoJOnkDobAyBqTmp0p8Nle2kF2,
ROs3pyQxrbXIIHGWobFnW2qt5QA2,
RSTOjYImNYXcPhBBTtWquCTR8eq2,
RW7facAhw8X9ZAJo0BV8QtpF6UA3,
RXZS09PmVBQgTy5D4fuLIC3lGyp1,
RaWrfsakC4RIMts3BRdNPpMrOMA2,
RdBUK2dkfWfr3l8uMqVsOSN64PL2,
Rdz17v7N9aX0OWDNt2E1m74znQJ2,
ReawX7pm1OSM9MtbNopawgFDNco2,
Rf0tHFqZ3lUdChS0ZViSK8PNFVW2,
Rfv5SHjq5cW45U2wDHdrVTLJUHb2,
RgKi20OWcng0FOIxARE7emXfQP33,
RiGxkR1P6tbYn1RnsWFk9vqvRAc2,
RmTJUZ68bxgFpmZnCFapKFAhNYu1,
RmcTmWPJ8fW92yMQPL4wGWf1GVi1,
RoLMLvJ7j8ZJf4AGcHnaH2JuFIs1,
Rqinox4xpCU36GlvNEGbOP2PL3h1,
RreAr0LVGmbmG1U9ZYx2GzS2q3d2,
RtF6s0Z0Gkb2yf5FKVj9WoJn3tE2,
RtdKBvjwaQXiHzDUkZk9nzQH1pa2,
RwiwDS6VPWNy8ANqhkBbUtOKtzZ2,
RxUm1YEdXyUu7lvSotUKnVmQeV72,
Rz9wwSr3MZZZ0Ra9a2mvxswa7NB2,
RzOHk1FsgtWoM18iMlwyT33sEPA2,
S2t2GALc6Hf5Knawx3UqUN5HMui2,
S3L4EVhcfXePJ2QyDnmyRkV9nx43,
S3xOPpjWC4bYVCviNYteAja6gBA3,
S3yNsCdCcFWtBAlceD5slMKd3kf2,
S50gkLvOOZafuCcjVI1LKbmRwxk2,
S7vcRPem4gQI7VM6soreP82LrWM2,
S836TXOW3FXNt1XE1SoR5lL5Sju2,
SAPQV1f4zDMtKNGgsHc9mnuLyLv2,
SF9GJSBVsAfeuCwFk5rJO43U3mg1,
SGha098Uhag0z6nrNFDxMm3iZ0F2,
SMmT5s0UTLbspjEDzG8cmMMjMao2,
SOKJdNgMrFdH6hBxyU2K2sMvwL62,
SOQbSEsVq4TbTOwcWO82zFh5L023,
SQDMZvhkfARFHEfQjdlnNgsPKDE2,
SQFBlmbcP1XFYqX9FK7RhzzD6CE2,
SQmSEIZtjbNjrpKuYdwraPyHyxb2,
SU1iVhcyj4ZpcJDGgx9Uv0nyhut1,
SUAVvWCuClUtV46zgJEvrpnL87H2,
SY7YhCMsiHbQcGLUEwUXznzLeZr2,
SYPotu1Z1XcADvfwYddFwiNgHPm1,
SYWMTk19Z5QYoFxDlWGRaDr3aqV2,
SZ322iZoqyf4y6Y9uYtTEaXUrSg1,
SdjO8yTGXoMrXR4Wqm7mxYBTXMC3,
SfBFipZvroeBV6Gkv5gN0oGdQ6w1,
Sfd75k5iarQbLIA2d7LLMIL2r3D3,
SkLfzYJPVlhDmZOJHcPHu2XkJWF3,
SnyCgnAMRiWc60bHTnUvTaLEix52,
SpNheMcBpbRL8NrIsgw2NKSSGrZ2,
Spo58RlxOwPkwce0TaTLgW2dNMT2,
Sv56PfscbuNVSO8k43NGRrNxvQG3,
SzFfiN7PZvgl5EeWGuRSmy7CRay2,
T17sgcexXQQw931E92O6OW6H6UW2,
T2p2a81rj5RX6fLyat5suW3KUHD2,
T6lsqPcq4lUOihUv6rhPnvhWMRP2,
TCh9nsibedMQuQcOG57z2EtCEkk1,
TDwtmSNS1ReeB6o0Z9Ph6EcduTm1,
TEo2JTkQXSbBxWXSlvWE1K97K2U2,
TGwwOUQ9tGUf3rmRmAzlumzuI0J2,
TJE6gAFOW8bDjahmkkrdzKmb8623,
TRYSl0h2UBdREvygb7zOwpDtTbP2,
TSfEgOWboyNPROSXU25yvllXKIm2,
TU7wYyEX5CWJojDLE4s0BhBBUii2,
TUDlG8oAbbMJ5jcQBBswlEUfwAk1,
TYINV4tD3GTvbzcx8VwA4jtf3hw1,
TZPNucIKUrMRjOHGA9qdeXWIwgs2,
Tb6udNpinKbcoEFu4AGvrm5MUC32,
TiAOKG9vFkNIW6UiMR8DXqbKxB62,
TjbrifnhFbZKZnv2LKWIf5RNgyw2,
Tkm06dTzVcY4p04JOs48QlpM19p2,
TmmvxztITxbGxep7kW8YfMjW0oe2,
Tox1idYx94MVhJibbmZhlRlTKq62,
Tp0C8GdSBURnb4U9QsJvu75BkYH3,
Ty33gd3zwSOU5Y0u1GhvP2mXr453,
TynvLMFRxsYnpXChmQXR6J6CQcl1,
TzQz0JlPfzNEvNUlxqDYXX3djje2,
U0aSQzCIaDObe8DlCqNpwycopDE3,
U3cGmdBgaGNwOOXNWVm1qGX6H702,
U3elMgbZapZXTSfvFKEdAeRTVc73,
U3lOeLk5PogJdiaP9heHvmkjKB62,
U4E2FvSTIffLBAmuVXApFtymJWz2,
UBfBmjLnBGetTf162taM8v0cNck2,
UGoOdrpgytaXQIcbGFNEyaJ0PIo1,
ULkUbeKBLtZx9ehe2FuMQym4dnp2,
UM2Bo6MBdVdYS1VkP21TIe9PvAX2,
UNpTo9npQ3dk55QdiRPhEVZsDpH2,
UODnH9MGwrXN1EFtbfYaHsvf1R02,
UR0FVurrCIZLYNbo5uCunFC2bck1,
UUamxW6zHiZcFK7ml5ydccKoolo2,
UUnpnNF8y9fsQeYTL2jehyxG8J13,
UW77yWdee5dqLncwhXBDDxypvrp1,
UajpFKj8iNPAR24qHkvE9c0gAGu2,
UeuN3BOos7Xowo5orM2d9R50cnF3,
UfsqyBfAptZOZQBQiPBd6DtcYB63,
Ugcwaz4lHBZGa2juXZsWLH0plF92,
UlPGL3gybVN9Mp1RU0rb9B297TJ2,
UmaHMrobPrNABZWblQaZlEKPsDH2,
UpanczJ6o8U7mg6ZJugzFYaendm1,
UqQTuSUq47UpdbFT8azr1Nm2VC33,
Uyq0ODa0QqNSgR9Sp0raIlhXZFi2,
V2x5936LTWebskfa5bS0P29wJD72,
V4pNdgWXQFfKJn7ahdwg5vFc0Jd2,
VCSN8TESdIcjb4yFgmHGVvEQsNw2,
VDzL8JnD2wavDX1gxpkXRgk5OTQ2,
VFCeMj10ewboqnmKp5Tpre6moWk2,
VFZiMubTZudN68oH8J1yFHV7MyU2,
VRWAxjK6VkfbLcOXFrIZ6WecNQG3,
VRrqPSORLwb0ZaFHlz3GycBfKEC2,
VUi2KinXEJRhp4E8HQaYKLJAxou1,
VahM0XZrZUaJRrz9d0qE52pSCjV2,
Vd7waUioh9hi9wWJPelZY0SB1vz1,
VgUM5ScvHoVcm1RW0NZmVZSz11I2,
Vh9mXTBM63O83G243t5Wo9MgN353,
Vlmm0Vwv5MOtDkC0mlKrxvDWcub2,
Vrk7CLdX1NYPvEo7IF8wIJplogi1,
VxP7afLDusPEASJGfB6dM1V7MSE2,
W0TEbnED53bVacWoj53b3yh41Xw2,
W1ymDRUMjJe9YHuhZg08PO905II3,
W40nvYKbr9RWjA3eg6aau9kbspa2,
W5wFAfjLA5gX67CHCwBPs3kZsJ42,
W66kHks4hnNJqt7OxtpVjI8Xbcu1,
W6rs7bke3oXf5pksByt4GZ5DFvD2,
W9eNgPIpJlV5fBVcvJkauwHk1k72,
W9iP6EwPJMS87Llouvf0puTzoDi2,
WAmgPHLIPcbCrXXCDf1FUVmPXNN2,
WCZtUbLP0ZPU2jlUxvX5i2CybTt2,
WCqqisuICtTEzYvjAhXbcA0s64M2,
WGoK3KBHK9RRHCfq2iATSYQbO7V2,
WIIWFZaQquh8wa7A3TqdUR3AjoI3,
WJT9ON3vmPNyQtoVHSA0Bv60p2r2,
WJYTb2qGLeUHd4dccydJ7Rj65t92,
WLI4m800CBQhlDpa5I25CrJWPgr2,
WRa8SqwylpUQGhSvaIBfnuoRGvE2,
WVayFG4cryVye9l5S3WCO3xBAfn1,
WVbW3OBALxQSYwoGa5QxI6thITy1,
WWM7QaZrXIfgtKnzosARBbJedNx2,
WbHGOAfox0aGbCzx21kQmMsftSp1,
WghLBPvebTctVZ2ueWoRcQwOMed2,
Wmh3nrZj5YUG29o7loHGiAG16Ug1,
Wmh6SUthCMS8nZnOLt9b36NcPPG3,
WnHGWM4CaDWDFfWKmXrFANH9g3l2,
WprPUB3BtxZXU0HimF2OHUTS4BE3,
Wt4oe3l3boNUvle9qUafiCmLQiB3,
WtTOI5tdxUWssTVWei5gru4KWab2,
WuOGx0WcGVd5CVV9El4x7kzInbU2,
WusHNo9CO9YwmkgqFM42TjqPQ3x1,
WxBZASBpmkRL2XiKvXkE7J26gaK2,
WyCb67BIJfUtpOfDCc6ZFBc25ui2,
X7aMXR4pB1gEdBjJEE4tiFfG8Ca2,
X8nhVaSyMmUSKhMnCB1ggmp0CIj2,
X9PJ6kq6pvYw1wIm6PZbVeWZ4uP2,
XFbYWusmsOWsWhC3Oa4Ciie3h623,
XJLP4y87WYgMM4yy56E0okT9iih2,
XNcXDL6hhpbpCexNj7ivM7a1qWq1,
XPSISLTxq6WmkWBsdhXQtDpHE9I3,
XQv7gzZL4ycM1uz2JihkClKqJfQ2,
XW9G22hsA1QiZzJar2rItw52u4H2,
Xap0vOAGusWU1iPtcqlVEwqeyoL2,
XdAXoIPaLweZcQ9rEMBPpymwRW33,
XdUvYofb5nRWlOg5LHTtMO2WQWx2,
Xdfesjo8BHcBytyaZMbSXwvjQ2Y2,
XepkvIflY3fjOKFRQICSWf4W73n2,
XksbnOnVlGYGNkkZ6qZbGDPQTMc2,
XlgLAKziW6UgDIiBHZ1AZT7ZDu32,
XofxgcjnQtWf79HkAw7dvXYc1dp2,
XouOW6YtXKT35QIIiSt87NRA9jS2,
XpIIbQameeV3QjavwrGqYoGA4hg1,
XsN3ry37AgQfOsLZY36x9qGcl502,
XxjntIwP2Ldm1jyp5Qt1omN51wC2,
YAiSaEZ2yKQzI9ZTGN3FKVQIpog1,
YDsBdexwOLQuKNPPiFXHuS4K8QG2,
YHpw2drEFOelryb9yNA3bZSWBPj1,
YJblxYfAe7c7hwxYkk1jJIPh9zN2,
YTK8thhxilQbrcHPlSU2oOkmXqD3,
YXRv8b1MDGWfjQYu0GqonqVq6O72,
YYsJZe4WQsgAqMre48PQhao2C8l1,
YZQme55aA7NSVC5iS9ovztejHJH3,
YeC0y9bydoQ713oKeqtAhLtK89G2,
YhaKk9JunEMlmMP2iQuJxV2LiG22,
Yi6lwa6A2sSm8G3RJehrulmCG2U2,
YiZc2y3YiYhgQKsQMrf8dTiYmeC2,
Yk9No7sshSUhF34OGy67DniFBg12,
YmcELYkM38fYqU9rxreqpX5huMD3,
YoDzOZ6csvgYAFl7qo2rfmxmw9G2,
YoMPCBXdJvgXW1J59eQQV2BlZbu1,
YpJp7xlQYfPfArZl93zEO6dOEc93,
YuotHaYEX5Y5obJBW86tF1DNexB2,
YwYp42WNYLQj28FJCGNufZAGJHk1,
Z0UoFZl8VKakvuUbGJLp8rzHtnl1,
Z0w2kF4lSUgPIviQOOPSX9Iz9An1,
Z2KFW5LtXpYGoesn0kuXiHkvErh2,
Z2fLLSMnaGPJHsZXQZNys3jYNCk2,
Z5X7wezXkdZMATLclms3Zzgm7Um1,
ZDHd4ZzarmXqmuLrHH8XnXiFjZG2,
ZDQPLWfArQa3xMMkSmYiIDmbWz32,
ZDzwreYII9YFyVW6SxhUVgSMZNk1,
ZF54k38EDYWWsIjU8c8oOKc3ij43,
ZFcLC12XW5WUl3QJYkFElveoqc32,
ZG0DtDNJLdUyaYFHlLwKUHC9SSd2,
ZLmDvprDTKW2cmBpyWfVCEME9v03,
ZPDBcmmnOwVysPud1o3OBjClBE62,
ZPKerQBtnvajPYeFxbqh340HMfQ2,
ZREn8CrQIrbRZWTrQY6ZP2fMWeB3,
ZRrMTyEwR2hCKUXXq17o5Y2luOm2,
ZSHW6llBaIMtO7turtbwaGE2Hzg2,
ZU4t1DhNtyfmW88Jfnv897SZzCD3,
ZUgp0H2Nx8V82GlhidZfhluv3Du2,
ZUkGvXdYRgfwMycdbWawzVfmwYn1,
ZXFiBFMlvDh0bPUu6WbrfE3a2Zj2,
ZYgv3iVX8udghn0e5fQUR9J4pob2,
ZZ37IRNXejUf5ssAWVXzk1dRRGC2,
Zb6qIAOeo2SFCtHexOqFlNGR4Gc2,
ZbKQd6uOl9NZHfYqTY1CvgV8X0u2,
Zf0s9HVztYeRbIMFgMYTB303tEs1,
Zhcd6eueM4NBjKlceQuRsMFkyzT2,
ZlJyLsjk2yat8QJrhrQb4nH6orm2,
ZmJDT0YO2XdhnRKWWmkwSBA2dSH2,
ZmwkGZEne3QAXdPYO4lrsMdx4E13,
Zn88aHjQRnQckS2xrccW4Px9sDH2,
Zo7F7f12tTcrCI9PvodD8OTeqFH2,
ZpAItnULo0M81lFQ009XKM3fzF13,
ZpXe1cBvDfMSiokVEGCpnE816k02,
Zq2ugASQNJbNvwsiUJGHF7qGBUg1,
Zv29CadEB2UxnwvS8f8v6hJlIXE2,
ZyRidxe0ehg021YwvVHjjkJVrao2,
ZyZbaaf4k0OkcvEvq3YIdtLIbN22,
ZzFD5XcskhX7pz8aCrMY2ZrTKvy1,
a0w2RgHxgbXsxUUFQNUrADxwvOJ3,
a81BRKRgN7cUq4Ibk7r5Xmennog1,
a889GiiqyzQtgdGRrD5p4MeoLC32,
a8vbhwj6cjfKGlMfQnGUPI7Q1Rz2,
a9d5HhdlPuWHVef6EkNsNF6I5Xu2,
aILOB3IkDRMepokl2CjStwlLp3O2,
aIzaa4zjr3eR2y8uljyS0t6Q96h2,
aLVDq2LNfmdRopoYkHePrgSMUiA3,
aMwLA0pNjCNNUqSEEdRoKlHzRef1,
aN4mmjI0szR6Sj7VMkvppInr9xt1,
aObvjkBUEwZ0L0i0tNMkuQPzcVf1,
aRnsctPeqVYsbvAX6WwoJjR9ubS2,
aUP5KDOLSgUxmKpjUD0PJb8hYOz1,
aVolvXYtPtXjrKlDmDJtIvLcZEz1,
aX8YvY8LFNNWzNrAl70pDMsuXog1,
aYW1dYQj7QTJmJp4Q7klhsJ7EuC3,
aadaltPav7esuHdmoOvQdV6z11C2,
aihdRpHyqxMyCa13BPVyRIyiaI62,
auZsjVAh2veKLlwnlI9RKdYWMsR2,
av2HXyBUxIVaqwT7kSXxNQTbBx32,
azY3oeJAEHZTshBt6wFZMi8eg0y1,
b1VDeTf3KLQZuGiDwgReiuxO0pV2,
b36i0S6uYrSuTaWQFZHxu0uOqFV2,
b5LyLg3jfKWrVminNxBf7uYR8D92,
bImNkhudszVYqGO5uXGcPBzfpaq1,
bJFAA5nA7uaelk4WhGQK2DCIblc2,
bKlSv1khATdWyhXkMKUk5COc2og1,
bMAk5k7FcmbbFBAfgGLPdqdbcyT2,
bNA3afYndxbLWzAsZ5CBirVM30z2,
bNCybgzzs6hLT5D0DrptcQNDu9v1,
bNTsovp52rTyXviiMWCt1uBNbX33,
bPplt1XdoKOJOEVgLjNMNsiwTum1,
bQSDCrx9urQ4faEpTZqoXvLSVC83,
bTlE29pe9VUzyUh1xS8Nt9kCPOf2,
bWMvjKRik1ghbaVLJwabt9UGnbG2,
bYskm2iIDbfcyyk1BboTameMhrW2,
bcs0oz4Cc4dYLztn43Et5BDh7L72,
bfOoEFsWr7Onb1TCo1NmFbdtxSG3,
bfjIoNpUllRpGp74u7C9N22B0Ii1,
bgKe7ehNdlSwbNdg6lNiblWuf9S2,
bgwH4hOos5ULBoJ8gf4DNI1MBqt2,
bhx9a2F1tESn2FwekKZSjkxrecD3,
bpwsbTk9KINTLRLBI8z11gfT0ZJ2,
bqLUYrmtKbh1YaQTHTj9OU9ZWup2,
brb2maKMoDXv4P0q1ZXTKSoE8Yv2,
brvvbrdcnuQWVLQXVVimqRRGcor2,
bwrwD5nUk6RgZekBgNkmSaP9eK03,
c0BlB3hxwYNTPG75sy1jLNCfcAg2,
c2td9c5N9nUpfrJFBWnUfjAc5Op2,
c3m8unXcPkXuzUt66JdG7fOPC8o1,
c61K5pgTC2WKuLDEQctxiGjf2923,
cAuZiX1ciJW7HctLyFrnKfCc1Zk1,
cFDPL4reu4Xeqw7QNiEsPcVO3pf1,
cHfAVdM6cAacwnIHACr1oFmy0Fj1,
cJjy95EUn2MoGIp8GoqFFOdRHJ42,
cNv9Gi8m3cTfkLfCSXTCdFe5GKQ2,
cOCh430Cx6hDk8PUtcKCrNiDvLb2,
cPv2QftIvzYtPt3rOiotuUR27lB3,
cPx2Aw6rrtQPH6L1saaXDUxYhVn2,
cQsvEN6xQRbc82RoM8YmpU3MCC82,
cRPNioHMLgYEogbh6RlOlg5mu2c2,
cRxP7iTfYjZN7gUDE1lJml9WexD2,
cUquP8FU7iNNRgRszN1RuFBqFNM2,
cVUZUdJQbYg5na7RtpRgPJNcgXm2,
cXJcKWjD2LTBeehalm70SxBqhSB3,
cZM461Fbd9VmlkbQyBsEvbA5ODL2,
cfztRSNpArQoIaSacicurIkRY053,
cgTDrgTp9aWSedmmTi1KOcdET9R2,
chS7ZVkn9XQDfkWIwoqxCoXLgAq2,
ciK7fnjX1dVHohpOH7SY7gMSwVz2,
csU1uBOq0LOHDy1Z74D739rij4Q2,
csfxAgGAFtPD6jUgmXWAXpMUx1C2,
cwKLG7w252dLJX0zcA62xEa5ui53,
cxrwkXtfhrZg90KwoAyYZf8jmfB3,
cypEbiCItZXpm5QwV2B9LtAytrS2,
dDXFvJK1qlg0sDaX7oe5N7ckM523,
dErI3AbGHFRQTTD4tpRSjDw3R7v1,
dIeiLy0DtxSiov1s3QpNTYa9aRa2,
dIk4Yqa5e5NlJ0drKIq91yLgvm13,
dK8mYbq4H6N43hj6e9vyucFjKNX2,
dLKKT2LsbWNyHxOwtiH6YNVOGr93,
dT3GNuToYiatQMG6F4SIhlHwvI93,
dWH0evtjs4PamYGTuRSQL5bF5R82,
dXYkffgJkLUQKfWbPuGx6NypzRG2,
dbfioZkGMZbCbHtPvxjk2qHPEN43,
dcEgzc65v5NnRtCF2aL3zAkVOCW2,
ddPBvhhRUBZuk6x0WcVZWzgTJ6t1,
deQVtGr2UJYWZe6BdMPkWtoBieJ3,
dneeUWWCTxfZUYrD1iINJJBrFD62,
dp0Sbk0shQOvwwKUT4eHfvsl1Sh1,
dpJju02vSTT9Xg4bZcxT2D63s9F3,
dsjut39u4XRPNSas07StrsXPGWp1,
dspyLRdtGofXT6tY7O6w3OJHKc32,
dzOn7SF9tbTnTbKAjuGjmpI6dRm2,
e3nU2chekQV1EuoxnEyEl51dxZ33,
e7go3WtwgBMVPPnyx1AsqRseCd93,
eBXaQfHs0JOyPzVdnzst06jwnyI2,
eFVHJYHnyYdrdiCcDWvwyP9gUrn2,
eFcfF7U2wUScKNjKHywvz6ihm7D2,
eGN4MzhZKZXQZbGyRD8MR7o6qMH3,
eGVpgL0FmXS5WMi1xobFlEJfz2z2,
eIBB4ZumTmgE8SUitFQt4wiY0Cv2,
eImuADreSbOVscAPQBI9N5gHuqG3,
eMAA3gM0ekT4ycrNTLM2JVDBL5M2,
eO4dn1uutKT0qhr13q8gX3YLtp23,
ePiaZhbtTwWMIra34THWFmnQioC2,
eV9hypHi4NUNMRQsXhlljnW1Szr2,
ebRwbmDmvTSMFgSy1gODH4JuqkW2,
edBWP0byzXOZCsNFvbO6yBKJLOT2,
ei3UFB2aDdThAzrhiPYDM3QgBMw1,
ejcPGwOCAiWrgEnLtltYyp2e5i82,
ejtikLlNlYMl7Ju3Dq2SZdHiHrl1,
ejvoQ1a7wrSjB2y1KM6B5XmXaDz1,
eopf46kkDXZkfMnLKIkYx4qwUhy2,
esUKptAnBeSh1O6ljpkiXPum9YR2,
esp3sC3EhOhOw5KkbMZDnrnC4cW2,
etcMbmvo77a0OTbXMArGz1JnyWd2,
ewMiCfNn1sVS0LwnStya6GLXLqq1,
exN6IxY9tHYOcm3rMoAouEeU9pZ2,
exho0jLS67hr7IUclJz4ztA8h4j1,
exiiAOdNn2cyeHn0ALe5ZA7o6192,
eyYsOFyBU4hm8QL6yXuX6xZOKmy2,
f1I5adJ3gCataK3vjxah2ERWf3F3,
f5JGJN3ligWjUj5vykp8RQG7nz83,
f85Sbd4lTqQXRDjLmNe7Oi8JVAS2,
fDhrdMKBJhU745cM1j6FRaqNzyi2,
fFuXdbfha2RXoPegNEKWbMTHP8q1,
fJTBdhSboRMEuUnSePM63E767nN2,
fN9Jcs6XrVaqtt2kz44TwHA0OiR2,
fPvOeq7VtIUkMNO0glfU9sBp71q1,
fVHAMNUBwmPsWOqpXF7AUo6H9LZ2,
fX1aJuSogObiQH44b9K1Wqztono1,
fYnQywUS4LNOnfvFUGmrrCMgyeZ2,
fZ7z6vLyqESnn7PevHhHXr38LNA2,
fbvBXhXWWiS7LfNcDEkgicbGVIz2,
feKKImkePUbpm8rhs2dsceyS9io1,
fhv55hEAOoeo4S2iprXZ782AWGg1,
fiy85awgRGTA2HRbZywHfl93XLI2,
fkWzoMEKl2N4zYqYsZgPkGRwM8N2,
fkpZ3zHlWPTc3O60pTctlB0vrmZ2,
flTFBLFShPTV2MNyejrHqzSOaA92,
foF0cJYOHJbGqYCHe1MjpvK98xc2,
ftCtzBZOO1W1L4tT8yGMwVak1gE3,
ftJT2qFosdXwbQSOorUupjYEoZ03,
fxZJaCUKfnPSWIwgdq5ZZcw7ALN2,
g21RC1VZj3g1XF1njpe070L3Bvr1,
g64Solu5s9Tg6FG35aC7xJ1R2BW2,
g7E30pLDqxUHaBmS0NsFg4pGSG62,
g7jUOZ0uNPXEUOJedXoVSQk41it2,
gGsNnKzzi4aXnljwSw8HSgnUdz62,
gHMbpfrzlmbPCLYzNT6aEM5R6052,
gKjy04XNtON0XTy4HXM9KnnVGhv2,
gLV3s8CLJmd4YpbPxs9b9DpvgTd2,
gLr0JaRogkUaNUYNj26i1txaNo62,
gRleBy3Y0zcyXxSFlpHdbD4A52b2,
gWwzWcM7yobx9fv9stOQC3rCxI83,
gYOIs89nKhXx5Hp7xMCRLHmWJNr2,
gYfbC1VPBGaSgvFIwDooC5nzvmT2,
geF7ORrFuKXewtHSl3fAgFJ7EMU2,
ggLNlnYiOdddaBwQ4ldzGqrG1Xh2,
ggY2ZQt2SyPzXOEzt5LRdh6i3yU2,
gig1D9aZC7XyVzTBuT9P5nxJWaq1,
gjsRQxzIBCOdhxmXG0cV13HvSwB2,
gowOAUU8UcbmTTlDVhbD1XWWVX23,
gqqyNcBxgESNaaNCo9UWbkykfC92,
grld5R6EEdc5K1Vk8KfLy9xQIzX2,
gsAycDl2KmgjdzZuRuBMbT5ACSp2,
gtcJhOlduRaA1auigzqwdgl6Wx43,
gthSNDooaEOx43BY7Io9EYveLei2,
gv0rJLexJxdA5IhJO3s90hSnYLl1,
gw26smTAkWPdHn1HDitduq1kmlz2,
gxjzsBn8VkQFdLJ3VTgbIu1UpTF2,
gxv9u5EvIiaYC3JzSaTUq7Qff7i2,
gys98kWnHtQw6GTDmhPhxSder963,
gz0DSnllSvRl79Yvo9PbutG45zZ2,
h2NbGkozoMXXolRTprEDRMXQdZk2,
h2pKtvwnwoTm0ugHyYyCqoKyNt33,
h6OOTE4t1BdwtyLLjbCdzSZmVDu1,
h9ibX0sP52gVMJ6mYPtt0UwD4PR2,
hBa8V6xs4BbjuwUW619trntMHI42,
hBo1X2GBWSQlwXsAeOOR4Ep0o8k1,
hCnZVYhJhAaZ2P1NkLMcCoNSy3w2,
hIzkP0O2cFUq3IFjcOPWevUFzwx2,
hN24I6TdUNaqUWjqXU9jCEpQ7ih1,
hOVvmpWwstTd8ut9T842Wl6z8A32,
hPucNxmEDZXrREh9TDRTEULj76t2,
hS4pUS71EJRQRyvfLLtJ5UsTmLG2,
hVeMB3171VVffuzqLmwdtzHGjxz1,
hYn7Ostx6JM527EvKeit7RTe5ka2,
hYswuRsyqHepf86VYJ9LXyqz4h53,
ha1erWDU9USMHs9q9Syg1wTV8YF3,
ha60bmn6ISVhi7zQXHk9JZ8EUni2,
hansPLQhpaZ28is5Ha257Dgc1gl2,
hbPquYOWHDYziLUHC1gd3XkqsIw1,
hfURITdtyvcXwaTIXBWMHZYQU5V2,
hh69GufGcrbQJntgIleaOxLA2GF3,
hiwpPRkHrpgHoktrUQT82loVQ463,
hqyti5uqf0QE4YRrq6DUeesBi8w1,
htpMysTTevfdkM7SmjLEoClqKch1,
hvJ8sAfHUYSAjExGhtUPrS2KmVs1,
hyDQAaHSmwXMZDN0jzoEscp6zK53,
hzD6bisx3mS2A7Y1xvryhxm9WQx1,
i0GvGvpYqqN0GijRnIEguf5tCW23,
i7TcMrmHlIfL6OyF9qefr9FXvSt1,
i9CHXUdGcKZsqLJfkNThwsFuC7H2,
i9lDWXyXVoPgxi7ajgFirzHHQI62,
iKlBgLBL9gQ0oTwmXDEjaFDpeQ82,
iO22WsmrN0YYeBROwYTzOZC7wwv2,
iOZJH4hD8DOvVfajFnHDXmDBDKg1,
iPIWttWdvUQRxICgwePKjvQU6gB3,
iQBYNQgdQURKOeICPOsM8Z8CvHM2,
iYc8V5pL6gbFtsOjrD0iI3SMgms1,
iYirnTqHo8e6b9La7E7poBbPHDg1,
iYwvgXqL5PY9PILkwCFvAIGxG7e2,
iZM5vClrUINhAiqPlfqBto70r8D3,
iZSSgpeyNnMWsk0rB0T2HKTfsj63,
ic3aK9FP4VcGRq4OCrTtYYRj4nm2,
iecbXZWZBaYOHAv4pGAJ9ovETzo2,
igDAeKfpeJPcQi9MBGatmr99ThH3,
ik3UqYJZZoPBpmVa4bargHvkD7l2,
ik4oRTIBtBOisSZkepoD2akvNbC3,
iq8jzlt5M4Up0Bi3je5psjUUKoI3,
iqVz1I3uISUDLDG02qeac2zk8Km1,
isZt50mm1pM2AIpbJpIuXddHvzN2,
itn2W3W3kAfJfkDeoW2HbHctlvJ2,
ixFma7GzdwPQ56YPeRA81iMp7xu1,
ixvJnpWRufhhQmWOhB2xcD0jlsK2,
j1g9ASBrSra6gFsxcCChELCWNQ12,
j2CS2fFrYNMFXHjK2jyK78YgH9H2,
j6MElLjoa4XNJOJJukigMSSTveD2,
j6YiINK3dTW0WMdGgeDJUwMujRG2,
j71ENijFwehjy3UjG8YqYAPo0BZ2,
jD7LgkJgGtdzQ0h09QPQGMWrm3X2,
jG64kJke5pOgD1kbfq5iO1EOabg1,
jIBdjcIxP6YNY9TzPDSzbz0zU6R2,
jJs3oLN3piXOxj1OVChIBJQeKxR2,
jKTbHvQyoHepvTgHZ1oSESorVI83,
jNtw0DO2nCgcvzijRFiXPcF34AX2,
jOEOyJSHkxOnuP91e0EMJ46Aoiq2,
jPBLIHNIDEQ93e1UlDhjpEsZRI42,
jQuhsaUWMoM8cRa387HO05rVbYe2,
jUKJXPAnPwbBq9mzMdQIHqlpast1,
jUwiwsverbOKiuIMSOIR6yjyO3C2,
jVR7O1Vd7CT0Q2scBCJ5sqjvHw43,
jWuRKuj0VVeMr7lRT3tBCdiX71G3,
jXSugSLaeiTSAYegxuz8yLURAoL2,
jYf8uPZuRATYsJtxSjox5NOmJCd2,
jbNLLOZGLHa4ARY4O62Q8oyhycu2,
jcDOdo0QkYevWbr77mPqCGelknH2,
jh4YhyiFRyMLYW3ykZMsgyjIQyF3,
jjK7Hk6CLfWcTRYL1GLFM9dc3jF2,
jk36YWtw6OREM3F0plFHoQ5xVf73,
jlAoO7CsXGg7Ce5S1Gv9PWvgzK42,
jmiwsdN12pcxe6V2BhDzXUkREAn1,
jmzotFnJiXPNJGZIvDH0HUk65qC3,
jo3j6itK23M67tcCbBCRopRNBai1,
jzfYjoFzlMUw71QNwbVX8GLZNtn2,
k3zoEWbvtLdo8z72erdWtEC2xd63,
k8zwxj1p6RZhIiJ3ody5YQTkDdj1,
kALm15Lb4Zdb46Tlb9WeGFNRBWi2,
kAjWeWZXO9PUfzWgf89KXsT7N333,
kBAKxZa9DDSwRChapzeJ8kd9bYg2,
kDrfdlbDxqM2kEuBjS46b6ggJbz2,
kDtGJzoqYlckCOz5DaYjK6kW0443,
kGkjZLhgVEhYGXXm70D970g6xT22,
kJYaqF19gfffWau3jzEmYunkezW2,
kLmty1hmlPUk0LuRDYK7F6v92OH2,
kOWYuddlpoWAwksz5SUXuxskKN52,
kPmOYojcazWjfRxv7Figilip8Hy1,
kTwLSVDhphcbZitmUWSssNFTF1k1,
kYyAJczC29TCPMsaFFuQ8joDoif1,
kaUqSpzIkqe8zJKNsyvHCfOYLOB2,
kcChjiCFL4cTZMr8W0HbcHPLytf1,
kifIr2NX4iXhewykBEk3zmhzI3Z2,
kizPzkJtJaYfgEz62NMlxIvTCY23,
km0Ux9lXeiVvAK9iDq8FeF6YevM2,
koDUQII2eUYS8rQbefhKPy4L3m73,
kq0SkEisRGW2HwPY6GGZYb7fwUf2,
kqdiyFOWb0YiOZTY7itnQoShktz1,
kqwhvNbyO3MyZ6noGRuZ2kGGlje2,
ksoifisuesY4c2IvbsSJR3cTnOD3,
ku6AJimhlRT462GUXkgRHYKf7Xk1,
kxkOUQdpGTd8SMFwtl97tsSRknc2,
kybkLEerA9hGWNNqydcbhIjnoGf2,
l0bRKwbaYsUhM9cR7L3pP9DNfQU2,
l1WMdZLjp1ZI17X58xJ4MUWQKRD2,
l7QZOkGeweWrLTwWaFyCNpinWMp1,
lErZQQLtH3XZlDSRcBgOSl3kCyz1,
lF4cyT7C4YNsWzIx5RG1hBkuWv93,
lFYOkfmfXxQgyZDvtwL2MSvtxQh1,
lHYJbEupHyX0DlMgvK0duRYYJgn1,
lHqAMY8x4bfAgM6HuTbAO6qveZk2,
lJu046hWPbcqA4yKK20RwheVkFj2,
lKELEFXvWKalfYRDnt4DeTHfL3r2,
lav9VnRO5pbiz39DwkZm5lhOdtR2,
lkBAr8u0oKR5YUKeItq742xNnp62,
lmRDdEuUX0Vq8qn63leC5HWeQTi1,
loRh7iFbJGSv6npuI2aU1qKW6Fm1,
lqfb5PLYRhbN7BXnvoD0XlnsN4h1,
lsiEz3tdFIONmKBZyIpF7WKfNUi2,
ltoYdjOx4oaXDd6SkdwiZYjhHkA2,
lzi7m3SZO1VTrGNrO73eO86iC8I3,
m4iYITzCr0NpIhVkhuvoY5JTAEq2,
m4mHnFcYrtXuqmaMKR9RsuIUsKP2,
m7KrKmYBoBhjpiLsrRQzjbS8GV32,
mBlzVllurpQZ4d2XBey6l7Rjtll1,
mDgk2mCOYvQGoXBT4arbfXwKMOq2,
mEHeV0FHq9RxQ3w7gAwpyJmDmJI3,
mHE6owNOiPgd1ma8ml6fpKr1Jhn1,
mIq1Utnl8MPCQ8cgiimU04uzmd13,
mKTsKuaZmoNeWmTcrpEO8gbvn7N2,
mNx1ox8ezbcvGZP3Ad7pYpMEcLi1,
mSZ6jZX2PHRmV6bA8vDiZs92gAy2,
mSytgWJJogY65goqCLch8pao7nZ2,
mTTtOiNL2zfNOOomifiCLrg6Bxm2,
mUSgdVBBFnQb2rRwjsqrSQz6gnc2,
mVolrdkkgOPvPfvWPhStJdoqu7e2,
mZ0zLEqk52NNWmMYhXGHblGosZr1,
mZgAPqNNDYZsvEbHFZkaCfnW9qG3,
mg6IKB9v4xXnabj9U1ZkpAvNODr2,
mi8LsgdeHRZkK61iPFbie9JtOdC2,
miIruCyqpwNgGcGeAnEdpN6AS3z1,
mkgtCcCZ36bvHMo7I3CUcUxSu6H2,
ml7vSvpmKAhYjAumHIZ6UOZi0Le2,
mlrurrtCIYc9L2wOJPBM1aaNSxq1,
mpUAOrK0WmNHotMCvWUfmP4xxRF2,
mphiwLxnC1dhhaztVa5O3Nv9cEC2,
mqo9UJUiNpSTTtM5uLTuL5SeY4w1,
muLI9rRn5Tavgq44vNgevHIRb7D2,
mvs6XrqlooRihN9LXMFNvsDgEOP2,
mxd3AWDukMSIAeVUKeVXN0aY0rp1,
myUIdWpID7fJd7VxHhZf5m1J61v1,
n5mVdUqD1xRtOuRnvkvEcggEI533,
n5xoT6yN2deb6f2dmTqb1B9qUr72,
n71jCWsvhAaoKZtA2Sd2QIpXlPV2,
n7n5KMC7v0cA0fA6nIekybxaKwt1,
n7wPNTvwAGYJlf9albTsGV1OmHy2,
n89oW8yk9iSr7yBNTn1gg3bhNim2,
nAs0bejDWUZxaYDZIOuZLijIsyB2,
nBrBMI0LfuOnD4iNXrG3Ftc3t5Z2,
nJiCpSLWSfhCcyVVw62t2yk6zL82,
nKvuEygXPMUr2LY9UOa9MCF3oEC3,
nMsJcZdDItUlVF5OGiQgkUdOeeA2,
nOv5LHpIXngucnEbJ73bf08wZsG3,
nQYAfcBMyBgjaojv2iVFWYIeFHH2,
nQgif5wGITVvRRP2wp3dUN2n5nG2,
nRa0lIv7poZyLBXs2SKj0S2q7oo1,
nTmGdAQP5dg8ZKQekGXSCUBFbq43,
nUbEvEH4JQR6LzUAR0dNj9zwoB62,
naVbDqBI5FO8SHd0woksQhr3bOg2,
nd0iUlisrXNp7X23mnSD0afquny1,
neUnJf15wrQ2uqNvVmiNVwgbf4g2,
nei7windwdRBiaST3rUNiNXnw8o1,
nfBJdZXhAiekTVZfCDCXvhyvGXN2,
niSgACHKbjWdeGkKGauVexpkm3v2,
nljQZOcA2tT1SoDROkTN37recl22,
nsnbgncXsfQfG5evnZeih8tuhyl2,
nvk36Tg7PibgOPSkCuZYzMYpbHt1,
nxLS8yBOFyOrozI1QhZpT3monxw1,
nxphjR5AKrRlmsiSWZmuMdycse92,
nyyWam4VU4UcfxMWpALxJXLSaKc2,
o09I5VPwizNj1smZ2cAEE94uYtH2,
o0xjeaK7Ecc5vdsTObaMcWtVXTD3,
o6YBuCSazme6jVA9hKNIz9T0l893,
o6zV6EMdFQhGOJOfbqHpsVt8xWK2,
o70SGWCduXXME52tJe2QujtzWmp1,
oJpGpppQswYYmmani0T6viD2cd52,
oMCbsdg2EpW97iJnGaxQhFxlRRA2,
oNjccJiktHPtmHzn7iQ8J1tU9y23,
oPKaGB0oBDh9vqnEC8KSnfqNQEh1,
oPiY5gvRwHW0uCYHp8hnWIbaWvz2,
oSW6oerdKHbob5sMdkKVuWE0Gzb2,
oTm27pG2zhM2gM3mk0v3DpFQ68v2,
oVS0zPDPEJRRxx9tyhIc7QzWOdE2,
oWXru26ZVSbnpZV0ppLDVBP1ECS2,
oWjsrwXwgggRqMwHgsHyGcfedS03,
obScEku7NaTB23cWg1IrBNza5YO2,
ohuXhgMq2vXAlAv7IRDj5rbThVS2,
oi2eQA25saT8wW8KxaOFiRZMFCT2,
omT4UJUnkrWcZFmXdz0lgKdJXUG3,
onFdSJ35oPXrUJHUuoZbnTCxb9S2,
op2ipPhOrzdqNHTrLjxNJWAKMWp2,
osGUFGyVvld21KpkgNWuzU72CrN2,
osY1PbeBKgNym50EEwRCFsRDiFU2,
osnUz6nXIDMK4oxUa36Dcx9G5Gk1,
osumUPNN3YcZ7G0HOz79HVyaOAa2,
oswr96cRgURqcy2bfjXBGQAmzAb2,
ot8RUz5CtmOmMCbDSZ0BwX1I9uj2,
otR7UBZcnNV6dct3LEmAqyhIfSt2,
ox9i1hxVf9fyXXVkcU4fiITHbzg1,
oyPpfdfSZNdsqEvgofQT5fiVAGS2,
p3pSbDaUAeTYB3XnrhlA6pl1lu23,
pAuhzyRmyYc8I9ukGieSEDRnceI3,
pCEYZAqZyvOA8CdY65ZCweFIAbh1,
pF6ly4UFKPQ9M8AcnClZzkMuFXQ2,
pGGB61btqUZGEtsz8KRkRowtsfw1,
pH02kKI67gPnKPL7NdjGrrobTam1,
pJu5e2ZydGgWPYRFFytXxxGh5Xi1,
pKFqdY9SXkYOMtHZfVjkBjRziBv1,
pOnMQiQR4jOWjMjyxCFbSPOkIpq1,
pQq6lMTmOeYpF8jhuubk3of4dv63,
pSw5zd1wqeMgIaZQPPRwMonELvf2,
pTLz76bGQHfJvmdAJUM7L0VopZz2,
pUGwNKGC40TtPOe6KnmUJTELXvV2,
pWYG17tzNuN0HAepZasB1z4tCIi1,
paQ9xi5LqTcaN6k88NH6OQz0Uh82,
patJKMLQtkQllBewKwkDOCBdZ8v1,
pcMpSimsHfZaNmneQa6FvXmT69v1,
pdWBFxVR1KWMfMgKRqmBCI7Bk2x2,
pfWiFijog2fKgbp1RD4geKXNYz52,
pg7K5nQNyvWZRjKHXwIHZDMd9Sy1,
pjoHwmt7UCUKP4UidBgrbt0NID82,
pl2H8OoVJPMQB9b5mHzpyg0c4A32,
ppl5svpgd9OwGnj9TirnIoVXp392,
pqav5IlLPqaygg5VHvWhhUR5GmE2,
psBYztJjVXUMeklE8sYSF0aRYgt2,
pufq1ezhgLguT5BA2O6O5HkHZO82,
pvr51vy9zNTOlTwDiV348UWrjqi1,
pxpJ1yZyAecLCddQMEsDp389BnH3,
pyvobBsfaOTHR6fBEoz8opartHD3,
q2gmcu5fidgk4ePdoWQOxFuJvHO2,
q4hAjzinG5abRetgd6Bu3lPctEA2,
q6teuKd4IZW2gDdQcsHbAn51Z512,
q6yNR5a2zVhNfKB1TlN5Ub83b923,
q99shr0NIhMiDjRa5PZMT4E66us2,
q9IW4OzfVMejxo66sCmqWQb6Zkk2,
qFs6ZSwmr5OAh1M5BsHlXmdcNvv2,
qHkdBjWF3LgAKNI9S7MRMmLuVWg1,
qLuqChBmRBUx7MpBwJlpGt8S0vM2,
qM5FkWIfNjgFRRMYyNRWUsVcCWl1,
qQNejXXQLFUBkYbohlvllnSL1fH2,
qS0JqAq6AFVxV6geNsjU6zRfANo2,
qTaY8hfjEmUeURUiItFoE4LPZpw2,
qZtChx7rm5ONcn7f2aQ86qobvKF2,
qZwujnzJ2OZx2qniWFnI948OrKi2,
qaRDASp72pPG3nrjnp3bvPNBfH83,
qcUzBwsiAAUrwrp6Ioc8J2wrrgp1,
qn5ikSl9MnNoLdpw3xzCuSK0j1i2,
qpOzahDgS5btVePAILV5Wr6tmB12,
qqiFqXVHSGgUag1DW85dE57uKJv1,
qtqpo9uezjWCViRJ5GlYeYkh6gJ3,
qv6M315uQNdiW8AJEUlLNp0SuWI3,
qvbOGtQuIohfSmnrLfdZDDpnT732,
qvflaCsrbBSm6Z5m6BB230MeNCE2,
qvrQBXc0GxVmiaXT0M3M6XmGuut1,
r3NmHh9eosfV1ZufodeDCMtRz7I3,
r6YXPObTD2T4BLgAqTVOMynckwA2,
r6dPHMge3iOfNIjYVjA901z97892,
r7WsWHZeelcBdmyaHgUkdJte0Hz2,
r9iP4gwTHcPwhnRhoIRXfPhXBUs1,
rDN6gpiprpcd4Xig7JCeXnCCpa42,
rDUIiKH0zFX0uBy1uinxOlOCbpq2,
rFW570dmVEhwkrK7Pu5nI6ZtXxw2,
rIPmAW49Z4hg1kCM3p7GtuSSMjs1,
rK99wWykNPavhsiOUY1V1WuNGel1,
rM7c3VcQjSgfV9KjiAWK9nTxykz1,
rN8XfplNpAbxLl71Mj5APzu2x3k2,
rOaULFWLdLW2DaypUytYGacgXTo2,
rQjGUsCVDEhfT8X3kfZGkQ5eDkY2,
rStT38NvRaQiBIJyRaZT1C1RgRW2,
rUSS43HeH5QF9yIVJ6YsKiHkjwZ2,
rYkVlAwhSaZYvjDqfI5fMAQsgzT2,
rYr9BT6eGvdbJ1DfomPpLSfcmbk1,
reS4LZkxTnhIDTH5fJaekQqFQO62,
rgZ9svfGWLUQOlOD8eBJ64OGlCf2,
rn4rp67BYOZYTFNdk14Tx6mGGaF3,
rossBiNTrSd2TcthyatDJctgUtY2,
rsFia42EVLZB2sc4mGvAGOG4Np32,
rsQTd02J0BXXKyBBuqP3YiqxGmC3,
rviwLwKMmtOkNxGXHVEXoWL7Mqz1,
rxyz0zHJe2hysdMyt9L0LIWcwyn2,
s0MjUXT90BgTG9HITrk4z290gTn2,
s3Wnk7ZC0rMrdtLobUz2I6HdPSm2,
s6ENN64I5XaZZtrumQzXSMsqwi33,
s9gPk1FZaSXdMs77isAD5Ppybsb2,
sBAzOBo499PzAmMkVG8cKEtA1JJ2,
sCu6YbV5yPWuH63ELG5iWeMtbu92,
sEbciV4k70bTfgsLQhPzuuZ2Yss1,
sFt1xNobSKRqW0Hn9XTE6bduxio1,
sHt7TnDcieMZoLbnooc7Xp95E6k2,
sJAPzKsKdNVEmU2Eusmpkc5D3YG3,
sM14fawaVtSKU4qtfaL1lvIAgKu2,
sQ5Od1Cz9PZIrw5Lojg27evc5Ov2,
sSmbp4JqHbeY22KvI6f7kzqiHDo2,
sSqnf4o8MSN8uz2xK8KE3w4WmUi2,
sT2nubChHEV36V7AFmPFH854t592,
sV33X9BnUcdscBDMBaOWsyB8xEw1,
sVBxHtGbBsSVKfCuW8CZcCjPvAo2,
sWkfdyCHeyVIvCPfEvoLQoUF8Vd2,
saH37nEZMNZnCABY2yaJDniAFw12,
shtvlxeGyQYyqRYm8laeG2PkgHD2,
sjOXwk1GjEWRZvJ2nIELtOsIXbd2,
so0fwDvrXlVwNqKyjXZYkzVDDrP2,
srKXgISfAEfgLhxJRKk6R2WkRpQ2,
sraYFpSQBnPEcZprbhhQRZEoZpm1,
ssYpWiBqzNSDKrpMoO4Ps0t1z3J2,
stWL7CO6Q4gSYdagc4uEUKZfD0E3,
svFxH5vqprbkrMWxEJBwhLESIRr2,
swonSzKuj1O6VIhFkawsyBFREt32,
t18OZSoOtCMmt5et3idlhaMx6i82,
t4B65VIAalf0aeGfEdZeyBhqyDu2,
t4JqscsFqBMsJTo8ipmENz7IqzE3,
t5XGZEaWRqVX7MOlTZCC265RYKi2,
t73JumNxbnPNFGkG85DI4sQLSft2,
tJMExanXWTQV496z1oTkELrgUeG3,
tJpbiAZ6KTcjlmchBKQ4chfKcJD2,
tL7oyvLolPMhxzRN7LZtNUqqwBI3,
tPOQOUtGm0cFHKXLzACPMrTIgyG2,
tRgAB044mNQWNLCZImYIrnQ5uxh2,
tVpSr9nXEVeE2WgqlZf69700EGk2,
tW0eoS7AnSWvlJQSWGF8ggt3l2A3,
tZyA8X0QBLQKs14oc3QVAIsH1xE2,
tdVf3s7P69VNF59TlomHaD210LU2,
thWJpKtazfNjRC0SKeMT8R0KiHq2,
timgFBekkIe1RWx4v1MSRc2f4ez1,
tkAJKPbrHTeWpZP9JbyCc5zDJgz2,
trLIPFXvJsbqQvGnSCbk9M5QUjB2,
tsHBlt9WljfhiljZBtH8RmGqjF13,
tzUCm1ewkVgMCU0w8XW2PzAcgGs1,
u9qNjucG1Xfpem4VfeEs57PAKDT2,
uChctToAURRPYvRgiwMChb73Xo63,
uDLtEHKGfGPrVNcWvoh4fxF9Zry1,
uGT8vwKBdTTE4MMv1vQq9CvgsS92,
uKh5P86ZVhTzmSrL8OoLD92Jetw1,
uKkZCIu2X1hF34zw3Get4IPj4je2,
uQdUGHPCf1cPpSGwcvbggij6geO2,
uT13AGaDAPbqkxq1A34w6Qcd9U23,
uUL35EodFVaL9dVOoeYTgUKTs7D3,
uaUGvt1WAnU4fZdJSAREKMXf1l62,
ubjtiXw5i4SFBI5XBzMVYaQTteh1,
udgJ8hOCEFg5UVBN8JVpC237Oah1,
udlC8Je7rxY2kFDfFKURjxcciGc2,
uh7EGkzy3DhJm1LEyF019O9BjhW2,
upt4Xe81afgscSyJOdy6A6VWayn1,
utgJKO7fDVWnqDzsoCSFV1HflV13,
uvWH1UrtYRNBj6q8e85N1rh1wDF2,
ux7mGiIfbJOUokG3DmAe08YzJvf1,
uy7WH1CuuSPteYIFrrmxJS2QCQa2,
v0U4nXgaMFWhujfoq85B1TTXNMX2,
v3xgOPiNuAeQn9qqcE8Aathrxw33,
v5fedXBxbbQNT7YVWHCpGjsEiUG2,
v6lRh6pXJ9XeNr3r1XiEtn7SW6X2,
vBRC8ptk3eb7mfamzxPQv0ikLSo1,
vCNpC8EmDGRYpQto6MbOmqNg0Nr2,
vEOiQ6L3NiOZoMnmlvbFGFrL4UE3,
vF65bWd8JkhBwEqoYz3ygAcS4xE3,
vGLNcQqoMBRVJSFmX8AT32dQft12,
vHzhBe0LkBXf8fv0azcLYrehtu13,
vLHst0GQq6SAF2jbEg7TGGsmsZA2,
vODSCfB7UkdnZ4AIloEIG14dRSj1,
vPtvSogdbdPovFBGM01LHf7KaH72,
vQhmUhwONMOqzm9yzPkGq8PDZNJ2,
vaouC2zpDXZIoBw0DlZEwsHJSyA2,
ve1TNLEJ5XcfMtx33ZMBXVsVej63,
vkGvMDx0MSZ59X5aywVXVzGF6tf1,
vp9bL0a9qESSqrFgrQVfgp6tPed2,
vsorVMhg4oarIfHcE9w5ccpyE2a2,
w0pJiowArFM7sUiEJQeEBa92XyF2,
w13EIZGr7RWJmZN5LgG3SEWuWoD2,
w17bt1rJgRTyDzs2gl591yxVir23,
w18uosvpj3g3hMAPx8worZBNoVy2,
w62PIte4oGMm7kVvGhJTOKa6Gyz1,
w7b18FSoe4OLaFvWMZD3qOGU0Ke2,
w9JTIFxNKAdAqcOrp6JxuagAeQv1,
w9PC88XguuPBV3Co7HW3BTshemH3,
wAWGY3t3AjcuEddogZgPxJROQps1,
wDE0iJ162Ph6ARvckJjvmvNiPUk1,
wDVGdjUJDHf1C7kgXgj41casj9o2,
wEUCRZwT6kTK4urVfTHtRshifvt1,
wFkgpGBbpHUSLgjFvS0DijdWeSj1,
wJfXPnZ3bAhVEneeaazO4JEf3ii1,
wKjeHdMFFNPyoiEQ2wSzWjEZlIv1,
wLR52ZsoGchnVvZPHqFL9IS6ZkA2,
wMrbXuGltqVntKjFVvCgs4ezsr03,
wNO5twMPBRbkIPRGDqZConwGKhl2,
wOyHPxY8wjOfoaZX53xi8f4hslB3,
wRACNjJLYcTIlBggZjSE2u465D32,
wRsqC8F0QZPm7jer7AwPuh8wHPI2,
wTbBr4IqXkcOA9PtwqxD8fnvWQh2,
wUBLOatb5ObQrVTURFJQdpj5HNf2,
wYNBAGjYNcgNlWv1i2g4c7XMYlh1,
wZwAgFBpfDNcoGgoW3hYOfdi00x2,
wfhOELFshqS6VMbUNqZ45cyupca2,
wgPNo9z1vbXgoN8SW5riWYqH4jK2,
wiTNXnyS8mZb2ifPXQiyrLpYPKE3,
wjUhi6k4ZWNzaVELCMJ2gK7rpWA2,
wspi9JNv8jUg0JheGFCrwfnIZ6P2,
wtCsYoIzDDXUpyIPYcYXds01L6Q2,
wvKRUO7peqbBdHvQgDFLZTmLwqX2,
x08Qj2YW7Dh2xTGpDzlykiA5ocf2,
x16AscmA6ZM5bL5wYWXB3Bw6jfE2,
x2zaI97nYcPELXuKcAh1FYTf1bf1,
x4y4br66f8dJeh4s1fsh6XfNjRD2,
x9hct4AhdNUsMkFtW9qPDQQ7ku93,
xBM2vAqvq8haCQVhpW7eTSaboPg2,
xEP7iGD356bueyGvVSjzz8TvrZ73,
xFCj61Zwx1WZpKJlet0xGYxy5gh1,
xGAIfUdytScCj4e40Jz20Ght70q1,
xHDNCcOQl2ZJhrVmrMVrZBmQIEw2,
xJdsFighwpQqIePGWbGyloFvlMo2,
xKDB4h4GVtS2i8DM8HLIaU2tfvc2,
xKn7jafwVbYpqSsQh8MEW0kFpSx2,
xLY8hD8G0HfdIREpsGfsQocKMJU2,
xM25Yrq5zUhXcY4LqShN8c0nTAq2,
xOC3gkomYgZkK64kMiomdi7FpYi1,
xPUZ6M9On3gk0rz9WGqcIATInMF3,
xSjDL2li9ZNHo8Ip3I5KHPSNLni2,
xUEioTqUnvhdBgVyTjf3uXl67G32,
xnAkJA0PUuVECuNrA0rV3dvHQ5H3,
xsm12t9AE6Ucr40AclCdLjv8ePq1,
xyNxaYvsT3g3N7N41owIGlzSPVk2,
xyrcNGfcoih2N9mVDMP2O429D6f2,
y0ISHkgn7JUHKI7vhOwmbxJ7DFE2,
y11ofjMJgyS6VVmYNhcjqlSqUVg2,
y34n2zF3Jof1kqcA78SVou7PFtY2,
y5Nzh51o35U35Q72tGZpcHUa4h82,
y5TiaD96k0VrsChplOtdCuxsDlB3,
y6LeMRrdiBfx7WdWI7dJET5X9Vi2,
yBTQpuPWDyeFEMu0nBIwUFjUeLf2,
yF4QzWVLMvRKYCXXwm3cBjhtArT2,
yFwSyExoqEdvioqMH8mzBRvIFcm1,
yGAHxRA8AOdTJWGbooNLOJaxHlX2,
yO1KmkrP8XTmHKgxV9WaCLKQdDk2,
yP4Af2jvwlM2OOYPVrgv1keOACJ3,
yQF0f9ofe3RdbydQzusou2zCwGW2,
yTTEN2wqOzRpul09ofruN1IFcIi2,
yUyLx88KNZftpdzBcugQ7WD7CfJ3,
yWscfV9cG0U4x6F234EwbcIyLsf1,
yXnEph2QoUPkcP50Emwnbl7m5H63,
yXryBJEWsQO6vnLSQe0qEI5pZp52,
ygcPkfDj36clAay6awAGGXOwmRi1,
yhzOJlvaa4XHhDaPf3TM19ETbgz2,
yjarelXhM7NTP1bV3K6m6KxGRpD3,
yljyc0yQ3LTsOM3qcCp1KDEqQjh1,
ym5QBfza4zVE3JIP6nFSRcOpTjp1,
ym5xRiQ1VPYaxWjWTTGSh0oowam1,
ynRMAnRti4eZaqoWAqqL3pAhenK2,
ypoddWfin1P7vxsCq9wdjJimCwm1,
yq3ROPvOXfewGIdgSyaLArEYQ6h2,
yr59cdHPlYaSpkORc3AfRB3HOgR2,
yuoLpinc3xVY4whyo7hf3kcxu5V2,
yvR420ZY25O7mnJ2hIKOJewdKoz2,
ywz6w1JJlnQCJuSvbVC1IztBI823,
z6yu0W5P7kgESAzoShZTNSBHTcK2,
zC6nf48xZyfJsoTVDw5djo9jGvm2,
zEmXbj0jK9gj0AyvNWMk03pw2Dw2,
zHOqefGsxINehdon0AJg9bSmylU2,
zJSLLque9yabyNJMg0nWPARQ0OK2,
zLuQe9FapTWsuY9GLj10w0N626C3,
zPQhaF6UTFdSBLyVybvat3Wu4PV2,
zVtLILicneUzE5ZLtpaErF18esG2,
zWbeVJofpAN2bjRVSomCwrNXbKc2,
zWz285Fbl4Si35WN4oGNqs1Fxiz2,
zcFmvN1K7agJHi3NZV6PIHAQ1e43,
zhVz12VThfUM1MdcZHoTHB39gu82,
ziuCQ33tJcRAS36HivPzLL4ur492,
zksLzMYzgefKgTwJwKu4BzquuGB2,
zvQFhAtY1bYmk8bLPU6B0egypIT2,
zvsl06i9YaZm1fbkvQsbBshREEv2,
zwTYqgMqWPVgdg5RZPbCdrAdc8D3,
zyPTOQYVDUaN1YfxRGWKU8IPO6W2,
